支払手段,日付,取引先,金額,科目,細目
現金,2026-09-13,-,-360.0,食費,昼食
現金,2026-09-13,-,-480.0,食費,昼食
現金,2026-09-10,ベックスコーヒー横浜北口店,-500.0,食費,昼食
現金,2026-09-10,ベックスコーヒー横浜北口店,390.0,食費,昼食
現金,2026-09-07,-,-110.0,食費,飲料
現金,2026-09-03,-,-1518.0,医療費,診察
現金,2026-09-03,カフェ・ド・クリエSaclass 戸塚店,-960.0,交際費,飲食
現金,2026-09-03,カフェ・ド・クリエSaclass 戸塚店,-420.0,交際費,飲食
LIFEカード,2026-09-03,ゾゾタウン,-11715.0,美容・衣類,洋服
現金,2026-09-02,ベックスコーヒーアトレ大船店,-930.0,食費,昼食
現金,2026-09-02,ベックスコーヒー小田原店,-500.0,食費,カフェ
現金,2026-09-02,ベックスコーヒー小田原店,390.0,食費,カフェ
現金,2026-08-31,-,-120.0,食費,飲料
LIFEカード,2026-08-31,アマゾンプライムカイヒ,-600.0,その他,手数料
現金,2026-08-30,-,-5000.0,交通費,その他
現金,2026-08-30,-,-13000.0,医療費,診察
LIFEカード,2026-08-27,Ｌｏｏｏｐでんき,-5464.0,水道光熱費,電気
LIFEカード,2026-08-27,ＰＡＹＰＡＬ　＊ＳＴＯＲＹ,-20000.0,教養,習い事
現金,2026-08-25,ベックスコーヒー横浜北口店,-500.0,食費,昼食
現金,2026-08-25,ベックスコーヒー横浜北口店,390.0,食費,昼食
LIFEカード,2026-08-25,ゾゾタウン,-3400.0,美容・衣類,洋服
LIFEカード,2026-08-23,ゾゾタウン,-4333.0,美容・衣類,洋服
LIFEカード,2026-08-23,ゾゾタウン,-4379.0,美容・衣類,洋服
現金,2026-08-21,-,-3000.0,消耗品,その他
JCBデビット,2026-08-15,ヤマト運輸株式会社,-1369.0,美容・衣類,洋服
JCBデビット,2026-08-15,まいばすけっと,-321.0,食費,昼食
JCBデビット,2026-08-15,ジョイナス,-1507.0,交際費,飲食
JCBデビット,2026-08-15,ヨークフーズ港南中央店,-485.0,食費,昼食
JCBデビット,2026-08-15,Ｓｕｉｃａ〔携帯決済〕,-10000.0,立替・資金移動,精算
JCBデビット,2026-08-14,＊ヤマトウンユ,-2854.0,美容・衣類,洋服
JCBデビット,2026-08-14,三和サクラス戸塚店,-535.0,食費,夕食
JCBデビット,2026-08-14,セリア２３０７サクラス戸塚店,-220.0,消耗品,日用品
JCBデビット,2026-08-14,まいばすけっと,-533.0,食費,昼食
JCBデビット,2026-08-13,まいばすけっと,-878.0,食費,昼食
JCBデビット,2026-08-13,ダイソー,-220.0,消耗品,日用品
JCBデビット,2026-08-13,ローソン寒川岡田,-130.0,食費,飲料
JCBデビット,2026-08-13,ローソン寒川岡田,-214.0,食費,昼食
JCBデビット,2026-08-13,ローソン寒川岡田,-171.0,食費,飲料
現金,2026-08-13,ベックスコーヒー横浜北口店,-500.0,食費,昼食
現金,2026-08-13,ベックスコーヒー横浜北口店,390.0,食費,昼食
JCBデビット,2026-08-12,アエナサクラス戸塚店,-488.0,食費,夕食
JCBデビット,2026-08-12,セリア２３０７サクラス戸塚店,-330.0,消耗品,日用品
JCBデビット,2026-08-12,まいばすけっと,-405.0,食費,昼食
JCBデビット,2026-08-12,ローソン西横浜駅前,-149.0,食費,飲料
JCBデビット,2026-08-12,大地宅配,-2218.0,食費,夕食
JCBデビット,2026-08-12,横浜市営地下鉄　タッチ決済,-484.0,交通費,電車
JCBデビット,2026-08-11,トップ　反町店,-311.0,交際費,飲食
JCBデビット,2026-08-11,ＡＭＡＺＯＮ．ＣＯ．ＪＰ,-3788.0,消耗品,生活用品
JCBデビット,2026-08-11,ＰＡＹＰＡＬ　＊ＺＥＮＶＡＬＵＥＩＮＣ,-19800.0,教養,習い事
JCBデビット,2026-08-11,Ａｍａｚｏｎ　Ｍａｒｋｅｔ　Ｐｌａｃｅ,-2562.0,食費,夕食
JCBデビット,2026-08-11,アイハーブジャパンゴウドウガイシャ,-6692.0,食費,飲料
JCBデビット,2026-08-11,セリア２３０７サクラス戸塚店,-220.0,消耗品,日用品
JCBデビット,2026-08-11,まいばすけっと,-419.0,食費,昼食
JCBデビット,2026-08-10,アエナサクラス戸塚店,-537.0,食費,夕食
JCBデビット,2026-08-10,２２１３ハックドラッグサクラス戸塚店,-1430.0,消耗品,日用品
JCBデビット,2026-08-10,リトルマーメイド戸塚,-407.0,食費,カフェ
JCBデビット,2026-08-10,まいばすけっと,-405.0,食費,昼食
JCBデビット,2026-08-10,横浜市営地下鉄　タッチ決済,-452.0,交通費,電車
現金,2026-08-10,ミスタードーナツ 戸塚西口ショップ,-330.0,食費,朝食
JCBデビット,2026-08-09,三和サクラス戸塚店,-225.0,食費,夕食
JCBデビット,2026-08-09,セリア２３０７サクラス戸塚店,-110.0,消耗品,日用品
JCBデビット,2026-08-09,セリア２９２６ヨークマート立場店,-110.0,消耗品,日用品
JCBデビット,2026-08-09,三和サクラス戸塚店,-514.0,食費,夕食
JCBデビット,2026-08-09,まいばすけっと,-117.0,食費,飲料
JCBデビット,2026-08-08,三和サクラス戸塚店,-406.0,食費,夕食
JCBデビット,2026-08-07,業務スーパー　戸塚店,-795.0,食費,夕食
JCBデビット,2026-08-07,まいばすけっと,-225.0,食費,昼食
JCBデビット,2026-08-07,モスバーガー,-930.0,食費,カフェ
LIFEカード,2026-08-07,エフビツト　ガス,-1880.0,水道光熱費,ガス
JCBデビット,2026-08-06,三和サクラス戸塚店,-248.0,食費,夕食
JCBデビット,2026-08-06,スシロー,-2110.0,交際費,飲食
JCBデビット,2026-08-06,まいばすけっと,-344.0,食費,昼食
JCBデビット,2026-08-06,エスプレッソ・アメリカーノ　横浜,-450.0,食費,カフェ
JCBデビット,2026-08-06,カフェ・ド・ティーケーピー,-500.0,食費,カフェ
JCBデビット,2026-08-06,まいばすけっと,-117.0,食費,飲料
JCBデビット,2026-08-06,まいばすけっと,-642.0,食費,昼食
JCBデビット,2026-08-05,三和サクラス戸塚店,-363.0,食費,夕食
JCBデビット,2026-08-05,アエナサクラス戸塚店,-428.0,食費,夕食
JCBデビット,2026-08-05,モスバーガー,-180.0,食費,カフェ
JCBデビット,2026-08-05,ローソン茅ヶ崎今宿,-149.0,食費,飲料
JCBデビット,2026-08-05,スターバックスコーヒー,-510.0,食費,カフェ
JCBデビット,2026-08-05,まいばすけっと,-565.0,食費,昼食
JCBデビット,2026-08-04,三和サクラス戸塚店,-1142.0,食費,夕食
JCBデビット,2026-08-04,リトルマーメイド戸塚,-407.0,食費,カフェ
JCBデビット,2026-08-04,ＤＣＳ・戸塚駅店,-430.0,食費,カフェ
JCBデビット,2026-08-04,まいばすけっと,-117.0,食費,飲料
JCBデビット,2026-08-04,マルエツ　天王町,-522.0,食費,昼食
JCBデビット,2026-08-04,モスバーガー横浜天王町店,-230.0,食費,カフェ
JCBデビット,2026-08-04,ファミリーマート　横浜天王町,-140.0,食費,飲料
JCBデビット,2026-08-03,２２１３ハックドラッグサクラス戸塚店,-1601.0,消耗品,日用品
JCBデビット,2026-08-03,三和サクラス戸塚店,-986.0,食費,夕食
JCBデビット,2026-08-03,まいばすけっと,-231.0,食費,昼食
JCBデビット,2026-08-03,まいばすけっと,-374.0,食費,昼食
現金,2026-08-03,ベックスコーヒー横浜駅南口店,-1750.0,食費,カフェ
現金,2026-08-03,ベックスコーヒー横浜駅南口店,-500.0,食費,カフェ
現金,2026-08-03,ベックスコーヒー横浜駅南口店,390.0,食費,カフェ
JCBデビット,2026-08-02,三和サクラス戸塚店,-676.0,食費,夕食
JCBデビット,2026-08-02,ＳＱ＊旧三福不動産,-1100.0,教養,会場
JCBデビット,2026-08-02,ＮｅｗＤａｙｓ／ＫＩＯＳＫ,-177.0,食費,飲料
JCBデビット,2026-08-02,みなとみらい線　タッチ決済,-230.0,交通費,電車
現金,2026-08-02,-,-660.0,食費,昼食
現金,2026-08-02,-,-803.0,食費,昼食
JCBデビット,2026-08-01,ＮｅｗＤａｙｓ／ＫＩＯＳＫ,-149.0,食費,飲料
JCBデビット,2026-08-01,ダイソー,-110.0,消耗品,日用品
JCBデビット,2026-08-01,横浜ベイクォーター,-510.0,交際費,飲食
JCBデビット,2026-08-01,ステ－キアンドチ－ズ酒場　レッドコ／ＰＧ,-6730.0,交際費,飲食
JCBデビット,2026-08-01,横浜ワールドポーターズ,-1500.0,交際費,飲食
JCBデビット,2026-07-31,三和サクラス戸塚店,-761.0,食費,夕食
JCBデビット,2026-07-31,セリア２３０７サクラス戸塚店,-110.0,消耗品,日用品
JCBデビット,2026-07-31,ローソン戸塚駅西口,-149.0,食費,飲料
JCBデビット,2026-07-31,まいばすけっと,-214.0,食費,昼食
JCBデビット,2026-07-31,横浜市営地下鉄　タッチ決済,-484.0,交通費,電車
LIFEカード,2026-07-31,オプテージ利用料金,-2943.0,通信費,携帯電話
JCBデビット,2026-07-30,三和サクラス戸塚店,-870.0,食費,夕食
JCBデビット,2026-07-30,株式会社　ソルサリエンテ,-5777.0,教養,習い事
JCBデビット,2026-07-30,ヨークフーズ港南中央店,-183.0,食費,飲料
JCBデビット,2026-07-30,まいばすけっと,-117.0,食費,飲料
JCBデビット,2026-07-30,東急ストア,-537.0,食費,昼食
JCBデビット,2026-07-30,スターバックスコーヒー,-510.0,食費,カフェ
現金,2026-07-30,-,-1200.0,食費,昼食
JCBデビット,2026-07-29,マクドナルド茅ヶ崎店,-160.0,食費,飲料
JCBデビット,2026-07-29,セブン－イレブン茅ヶ崎今宿東店,-159.0,食費,飲料
JCBデビット,2026-07-29,ＤＣＳ・茅ヶ崎南口店,-430.0,食費,カフェ
JCBデビット,2026-07-29,まいばすけっと,-182.0,食費,飲料
JCBデビット,2026-07-29,大地宅配,-2218.0,食費,夕食
JCBデビット,2026-07-28,クリエイトエス・ディー,-128.0,消耗品,日用品
JCBデビット,2026-07-28,ＤＣＳ・根岸店,-330.0,食費,カフェ
JCBデビット,2026-07-28,マクドナルド根岸駅前店,-160.0,食費,飲料
LIFEカード,2026-07-28,Ｌｏｏｏｐでんき,-4402.0,水道光熱費,電気
JCBデビット,2026-07-27,リトルマーメイド戸塚,-407.0,食費,カフェ
JCBデビット,2026-07-27,Ｓｕｉｃａ〔携帯決済〕,-10000.0,立替・資金移動,精算
JCBデビット,2026-07-27,まいばすけっと,-225.0,食費,昼食
JCBデビット,2026-07-27,ワッツ　いずみ中央ライフ店,-110.0,消耗品,日用品
JCBデビット,2026-07-27,オーケー湘南台店,-275.0,食費,昼食
JCBデビット,2026-07-27,ローソン湘南台駅前,-646.0,食費,昼食
JCBデビット,2026-07-27,横浜市営地下鉄　タッチ決済,-452.0,交通費,電車
現金,2026-07-27,ミスタードーナツ 戸塚西口ショップ,-363.0,食費,朝食
JCBデビット,2026-07-26,三和サクラス戸塚店,-457.0,食費,夕食
JCBデビット,2026-07-26,ノート,-5500.0,教養,習い事
JCBデビット,2026-07-26,まいばすけっと,-117.0,食費,飲料
JCBデビット,2026-07-26,三和サクラス戸塚店,-492.0,食費,夕食
JCBデビット,2026-07-26,２２１３ハックドラッグサクラス戸塚店,-657.0,消耗品,日用品
JCBデビット,2026-07-26,横浜市営地下鉄　タッチ決済,-242.0,交通費,電車
JCBデビット,2026-07-25,バーガーキング,-240.0,食費,昼食
JCBデビット,2026-07-25,オーケー　上大岡店,-95.0,食費,飲料
JCBデビット,2026-07-25,株式会社はなまる,-490.0,食費,昼食
JCBデビット,2026-07-25,京急百貨店,-320.0,食費,カフェ
JCBデビット,2026-07-25,京急百貨店,-400.0,食費,カフェ
JCBデビット,2026-07-24,メルカリ,-3980.0,美容・衣類,コスメ
JCBデビット,2026-07-24,ミニストップ,-127.0,食費,飲料
JCBデビット,2026-07-24,ＳＱ＊ｈｏｌｌｏ,-6000.0,美容・衣類,美容院
JCBデビット,2026-07-24,マクドナルド西新宿駅前店,-620.0,食費,夕食
JCBデビット,2026-07-24,ファミリーマート　本厚木駅南口,-183.0,食費,飲料
JCBデビット,2026-07-24,デイリーヤマザキ,-316.0,食費,昼食
JCBデビット,2026-07-24,ベローチェ厚木中町店,-530.0,食費,昼食
JCBデビット,2026-07-23,三和サクラス戸塚店,-138.0,食費,夕食
JCBデビット,2026-07-23,まいばすけっと,-214.0,食費,昼食
JCBデビット,2026-07-23,ファミリーマート　鶴屋町郵便局前,-150.0,食費,飲料
JCBデビット,2026-07-23,ファミリーマート　鶴屋町郵便局前,-1250.0,消耗品,その他
JCBデビット,2026-07-23,まいばすけっと,-117.0,食費,飲料
JCBデビット,2026-07-23,まいばすけっと,-341.0,食費,昼食
JCBデビット,2026-07-22,アエナサクラス戸塚店,-1868.0,美容・衣類,コスメ
JCBデビット,2026-07-22,三和サクラス戸塚店,-427.0,食費,夕食
JCBデビット,2026-07-22,ローソン戸塚駅西口,-149.0,食費,飲料
JCBデビット,2026-07-22,スーパーマルヤマ　藤棚店,-229.0,食費,昼食
JCBデビット,2026-07-22,キッチンオリジン　藤棚店,-538.0,食費,昼食
JCBデビット,2026-07-21,三和サクラス戸塚店,-762.0,食費,夕食
JCBデビット,2026-07-21,２２１３ハックドラッグサクラス戸塚店,-195.0,消耗品,日用品
JCBデビット,2026-07-21,セリア２３０７サクラス戸塚店,-220.0,消耗品,日用品
JCBデビット,2026-07-21,株式会社ウィズ,-4260.0,交際費,その他
JCBデビット,2026-07-21,ファミリーマート　相鉄海老名駅,-150.0,食費,飲料
JCBデビット,2026-07-21,ららぽーと海老名,-2970.0,美容・衣類,コスメ
JCBデビット,2026-07-21,セブン－イレブン小田急ビナガーデンズオ,-460.0,食費,昼食
JCBデビット,2026-07-21,まいばすけっと,-117.0,食費,飲料
現金,2026-07-21,ベックスコーヒー横浜駅南口店,-500.0,食費,カフェ
現金,2026-07-21,ベックスコーヒー横浜駅南口店,390.0,食費,カフェ
JCBデビット,2026-07-20,三和サクラス戸塚店,-548.0,食費,夕食
JCBデビット,2026-07-20,まいばすけっと,-257.0,食費,昼食
JCBデビット,2026-07-20,まいばすけっと,-224.0,食費,昼食
JCBデビット,2026-07-20,ローソン西横浜駅前,-570.0,食費,昼食
JCBデビット,2026-07-20,横浜市営地下鉄　タッチ決済,-484.0,交通費,電車
JCBデビット,2026-07-19,三和サクラス戸塚店,-267.0,食費,夕食
JCBデビット,2026-07-19,無印良品,-690.0,消耗品,生活用品
JCBデビット,2026-07-19,メルカリ,-790.0,美容・衣類,コスメ
JCBデビット,2026-07-19,風水火山,-4960.0,消耗品,その他
JCBデビット,2026-07-19,ＡＮＡ　ＷＥＢ,-13980.0,交際費,イベント
JCBデビット,2026-07-19,まいばすけっと,-439.0,食費,昼食
JCBデビット,2026-07-19,ＤＣＳ・戸塚駅店,-560.0,食費,カフェ
JCBデビット,2026-07-18,アエナサクラス戸塚店,-1090.0,美容・衣類,コスメ
JCBデビット,2026-07-18,ノート,-3690.0,教養,習い事
JCBデビット,2026-07-18,ノート,-2222.0,教養,習い事
JCBデビット,2026-07-18,まいばすけっと,-117.0,食費,飲料
JCBデビット,2026-07-18,まいばすけっと,-733.0,食費,昼食
JCBデビット,2026-07-18,ケンタッキーフライドチキン,-550.0,食費,昼食
JCBデビット,2026-07-17,セリア２３０７サクラス戸塚店,-330.0,消耗品,日用品
JCBデビット,2026-07-17,三和サクラス戸塚店,-419.0,食費,夕食
JCBデビット,2026-07-17,メルカリ,-699.0,美容・衣類,コスメ
JCBデビット,2026-07-17,メルカリ,-2780.0,美容・衣類,コスメ
JCBデビット,2026-07-17,マツモトキヨシ　小田原駅東口店,-138.0,食費,飲料
JCBデビット,2026-07-17,ダイドードリンコ　飲料自販機,-150.0,食費,飲料
JCBデビット,2026-07-17,三和サクラス戸塚店,-676.0,食費,夕食
JCBデビット,2026-07-16,三和サクラス戸塚店,-471.0,食費,夕食
JCBデビット,2026-07-16,まいばすけっと,-225.0,食費,昼食
JCBデビット,2026-07-16,Ｓｕｉｃａ〔携帯決済〕,-10000.0,立替・資金移動,精算
JCBデビット,2026-07-16,バーガーキング,-240.0,食費,昼食
JCBデビット,2026-07-16,セブン－イレブン大田区本羽田１丁目店,-77.0,食費,飲料
現金,2026-07-16,ミスタードーナツ 戸塚西口ショップ,-363.0,食費,朝食
現金,2026-07-16,ベックスコーヒー横浜駅南口店,-500.0,食費,カフェ
現金,2026-07-16,ベックスコーヒー横浜駅南口店,390.0,食費,カフェ
JCBデビット,2026-07-15,スシロー,-1860.0,交際費,飲食
JCBデビット,2026-07-15,ユニクロ,-1290.0,消耗品,その他
JCBデビット,2026-07-15,ローソン平塚駅北口,-1040.0,消耗品,その他
JCBデビット,2026-07-15,ノート,-500.0,教養,習い事
JCBデビット,2026-07-15,ケンタッキーフライドチキン,-270.0,食費,昼食
JCBデビット,2026-07-15,ダイドードリンコ　飲料自販機,-130.0,食費,飲料
JCBデビット,2026-07-15,ローソン平塚駅北口,-377.0,食費,間食
JCBデビット,2026-07-15,ＷＦＫ　平塚店,-650.0,食費,昼食
JCBデビット,2026-07-15,さくらんぼ薬局,-1020.0,医療費,医薬品
JCBデビット,2026-07-15,大地宅配,-2218.0,食費,夕食
JCBデビット,2026-07-14,三和サクラス戸塚店,-440.0,食費,夕食
JCBデビット,2026-07-14,ダイソー,-550.0,消耗品,日用品
JCBデビット,2026-07-14,ローソン寒川岡田,-105.0,食費,飲料
JCBデビット,2026-07-14,ローソン寒川岡田,-368.0,食費,昼食
JCBデビット,2026-07-14,ローソン寒川岡田,-145.0,食費,飲料
JCBデビット,2026-07-13,ＡＰＰＬＥ．ＣＯＭ／ＢＩＬＬ,-255.0,通信費,アプリ
JCBデビット,2026-07-13,ＤＣＳ・ＥｎｅＪｅｔ狩場インター店,-560.0,食費,カフェ
JCBデビット,2026-07-13,まいばすけっと,-459.0,食費,昼食
JCBデビット,2026-07-13,横浜市営地下鉄　タッチ決済,-452.0,交通費,電車
JCBデビット,2026-07-12,業務スーパー　戸塚店,-849.0,食費,夕食
JCBデビット,2026-07-12,リトルマーメイド戸塚,-407.0,食費,カフェ
JCBデビット,2026-07-12,まいばすけっと,-223.0,食費,昼食
JCBデビット,2026-07-12,ケンタッキーフライドチキン,-650.0,食費,昼食
JCBデビット,2026-07-12,横浜市営地下鉄　タッチ決済,-484.0,交通費,電車
JCBデビット,2026-07-11,三和サクラス戸塚店,-225.0,食費,夕食
JCBデビット,2026-07-11,まいばすけっと,-117.0,食費,飲料
JCBデビット,2026-07-11,アエナサクラス戸塚店,-373.0,食費,夕食
JCBデビット,2026-07-11,三和サクラス戸塚店,-643.0,食費,夕食
JCBデビット,2026-07-10,三和サクラス戸塚店,-332.0,食費,夕食
JCBデビット,2026-07-10,リトルマーメイド戸塚,-407.0,食費,カフェ
JCBデビット,2026-07-10,メルカリ,-1400.0,美容・衣類,コスメ
JCBデビット,2026-07-10,まいばすけっと,-708.0,食費,昼食
JCBデビット,2026-07-09,横浜スカイビル,-3070.0,交際費,飲食
JCBデビット,2026-07-09,ナチュラルローソン横浜ベイクォーター,-149.0,食費,飲料
JCBデビット,2026-07-09,株式会社　高島屋　横浜店,-1620.0,交際費,贈答
JCBデビット,2026-07-09,まいばすけっと,-405.0,食費,昼食
JCBデビット,2026-07-09,ローソン西横浜駅前,-149.0,食費,飲料
JCBデビット,2026-07-08,セリア２３０７サクラス戸塚店,-220.0,消耗品,日用品
JCBデビット,2026-07-08,三和サクラス戸塚店,-365.0,食費,夕食
JCBデビット,2026-07-08,まいばすけっと,-96.0,食費,飲料
JCBデビット,2026-07-08,セブン－イレブン大田区本羽田１丁目店,-33.0,食費,飲料
現金,2026-07-08,ミスタードーナツ 戸塚西口ショップ,-363.0,食費,朝食
現金,2026-07-08,ベックスコーヒー横浜駅南口店,-500.0,食費,カフェ
現金,2026-07-08,ベックスコーヒー横浜駅南口店,390.0,食費,カフェ
LIFEカード,2026-07-08,エフビツト　ガス,-2039.0,水道光熱費,ガス
JCBデビット,2026-07-07,メルカリ,-35000.0,美容・衣類,コスメ
JCBデビット,2026-07-07,業務スーパー　戸塚店,-1086.0,食費,夕食
JCBデビット,2026-07-07,まいばすけっと,-117.0,食費,飲料
JCBデビット,2026-07-07,ローソン西横浜駅前,-235.0,食費,昼食
JCBデビット,2026-07-07,マルエツ　天王町,-214.0,食費,昼食
JCBデビット,2026-07-07,モスバーガー横浜天王町店,-200.0,食費,カフェ
JCBデビット,2026-07-07,ファミリーマート　横浜天王町,-33.0,食費,飲料
JCBデビット,2026-07-06,三和サクラス戸塚店,-523.0,食費,夕食
JCBデビット,2026-07-06,リトルマーメイド戸塚,-407.0,食費,カフェ
JCBデビット,2026-07-06,まいばすけっと,-341.0,食費,昼食
JCBデビット,2026-07-06,横浜市営地下鉄　タッチ決済,-484.0,交通費,電車
JCBデビット,2026-07-05,三和サクラス戸塚店,-222.0,食費,夕食
LIFEカード,2026-07-05,メルカリ,-110000.0,大型出費,大型出費
JCBデビット,2026-07-04,セリア２３０７サクラス戸塚店,-110.0,消耗品,日用品
JCBデビット,2026-07-04,アエナサクラス戸塚店,-1752.0,美容・衣類,コスメ
JCBデビット,2026-07-04,１２７８マツモトキヨシトツカーナモール店,-3300.0,消耗品,生活用品
JCBデビット,2026-07-04,メルカリ,-1599.0,美容・衣類,コスメ
JCBデビット,2026-07-04,メルカリ,-3580.0,美容・衣類,コスメ
JCBデビット,2026-07-04,グランリヴィエール箱根,-648.0,交際費,贈答
JCBデビット,2026-07-04,いいオフィス,-880.0,教養,会場
JCBデビット,2026-07-04,ＮｅｗＤａｙｓ／ＫＩＯＳＫ,-160.0,食費,飲料
JCBデビット,2026-07-04,東慶寺売店／Ａｉｒ,-1500.0,その他,雑費
現金,2026-07-04,ベックスコーヒーアトレ大船店,-530.0,食費,昼食
JCBデビット,2026-07-03,セリア２３０７サクラス戸塚店,-110.0,消耗品,日用品
JCBデビット,2026-07-03,業務スーパー　戸塚店,-490.0,食費,夕食
JCBデビット,2026-07-03,ハンズ　横浜店,-374.0,消耗品,生活用品
JCBデビット,2026-07-03,まいばすけっと,-117.0,食費,飲料
JCBデビット,2026-07-03,デイリーヤマザキ,-316.0,食費,昼食
JCBデビット,2026-07-03,ＤＣＳ・本厚木ミロードイースト店,-480.0,食費,昼食
JCBデビット,2026-07-03,横浜市営地下鉄　タッチ決済,-484.0,交通費,電車
現金,2026-07-03,ミスタードーナツ 戸塚西口ショップ,-363.0,食費,朝食
JCBデビット,2026-07-02,三和サクラス戸塚店,-548.0,食費,夕食
JCBデビット,2026-07-02,ファミリーマート　港南中央通,-110.0,食費,飲料
JCBデビット,2026-07-02,まいばすけっと,-244.0,食費,昼食
JCBデビット,2026-07-02,ＡＭＡＺＯＮ．ＣＯ．ＪＰ,-933.0,消耗品,生活用品
現金,2026-07-02,ミスタードーナツ 戸塚西口ショップ,-363.0,食費,朝食
JCBデビット,2026-07-01,Ａｍａｚｏｎ　Ｍａｒｋｅｔ　Ｐｌａｃｅ,-1486.0,食費,夕食
JCBデビット,2026-07-01,Ａｍａｚｏｎ　Ｍａｒｋｅｔ　Ｐｌａｃｅ,-3053.0,食費,夕食
JCBデビット,2026-07-01,三和サクラス戸塚店,-92.0,食費,夕食
JCBデビット,2026-07-01,Ａｍａｚｏｎプライム会費,-600.0,その他,雑費
JCBデビット,2026-07-01,炭焼うな重とまぜそば　一二三,-2560.0,交際費,飲食
JCBデビット,2026-07-01,ポルタ,-1701.0,交際費,飲食
JCBデビット,2026-07-01,まいばすけっと,-138.0,食費,飲料
JCBデビット,2026-07-01,大地宅配,-2218.0,食費,夕食
現金,2026-07-01,ベックスコーヒー横浜駅南口店,-500.0,食費,カフェ
現金,2026-07-01,ベックスコーヒー横浜駅南口店,390.0,食費,カフェ
JCBデビット,2026-06-30,ＡＮＴＨＲＯＰＩＣ＊　ＣＬＡＵＤＥ　ＳＵＢ,-3737.0,教養,習い事
JCBデビット,2026-06-30,三和サクラス戸塚店,-600.0,食費,夕食
JCBデビット,2026-06-30,まいばすけっと,-311.0,食費,昼食
JCBデビット,2026-06-30,ローソン西横浜駅前,-235.0,食費,昼食
現金,2026-06-30,ベックスコーヒー横浜駅南口店,-500.0,食費,カフェ
現金,2026-06-30,ベックスコーヒー横浜駅南口店,390.0,食費,カフェ
LIFEカード,2026-06-30,オプテージ利用料金,-2701.0,通信費,携帯電話
JCBデビット,2026-06-29,三和サクラス戸塚店,-959.0,食費,夕食
JCBデビット,2026-06-29,Ｓｕｉｃａ〔携帯決済〕,-10000.0,立替・資金移動,精算
JCBデビット,2026-06-29,まいばすけっと,-299.0,食費,昼食
現金,2026-06-29,ベックスコーヒー横浜駅南口店,-1750.0,食費,カフェ
現金,2026-06-29,ベックスコーヒー横浜駅南口店,-500.0,食費,カフェ
現金,2026-06-29,ベックスコーヒー横浜駅南口店,390.0,食費,カフェ
LIFEカード,2026-06-29,メルカリ,-192679.0,大型出費,大型出費
JCBデビット,2026-06-28,三和サクラス戸塚店,-874.0,食費,夕食
JCBデビット,2026-06-28,ＭＩＳＳＰＲＥＴＴＹＷＯＭＡＮ横浜／ＳＢ,-2475.0,交際費,飲食
JCBデビット,2026-06-28,横浜市営地下鉄　タッチ決済,-484.0,交通費,電車
JCBデビット,2026-06-27,ファミリーマート　サンズ戸塚駅北,-149.0,食費,飲料
JCBデビット,2026-06-27,東急ストア,-429.0,食費,昼食
JCBデビット,2026-06-27,サンマルクカフェ　戸塚店,-630.0,食費,カフェ
JCBデビット,2026-06-26,三和サクラス戸塚店,-321.0,食費,夕食
JCBデビット,2026-06-26,クリエイトエス・ディー,-1084.0,消耗品,日用品
JCBデビット,2026-06-26,まいばすけっと,-108.0,食費,飲料
JCBデビット,2026-06-26,ＮｅｗＤａｙｓ／ＫＩＯＳＫ,-150.0,食費,飲料
JCBデビット,2026-06-26,ＤＣＳ・根岸店,-400.0,食費,カフェ
JCBデビット,2026-06-26,マクドナルド根岸駅前店,-160.0,食費,飲料
JCBデビット,2026-06-25,一〇八抹茶茶廊,-450.0,食費,カフェ
JCBデビット,2026-06-25,ファミリーマート　熱海駅前,-149.0,食費,飲料
LIFEカード,2026-06-25,Ｌｏｏｏｐでんき,-4278.0,水道光熱費,電気
JCBデビット,2026-06-24,ＪＲ　東日本,-4880.0,立替・資金移動,精算
JCBデビット,2026-06-24,ＪＲ　東日本,-3740.0,立替・資金移動,精算
JCBデビット,2026-06-24,ラスカ熱海,-2431.0,交際費,飲食
JCBデビット,2026-06-24,まいばすけっと,-66.0,食費,飲料
JCBデビット,2026-06-24,セブン－イレブン小田急ビナガーデンズオ,-127.0,食費,飲料
JCBデビット,2026-06-24,デイリーヤマザキ,-513.0,食費,昼食
JCBデビット,2026-06-24,デイリーヤマザキ,-33.0,食費,飲料
JCBデビット,2026-06-23,２２１３ハックドラッグサクラス戸塚店,-327.0,消耗品,日用品
JCBデビット,2026-06-23,ミニストップ　神宮前１丁目,-298.0,食費,間食
JCBデビット,2026-06-23,ダイソー,-110.0,消耗品,日用品
JCBデビット,2026-06-23,ＳＱ＊ｈｏｌｌｏ,-6600.0,美容・衣類,美容院
JCBデビット,2026-06-23,サンマルクカフェ　西鉄イン新宿店,-1080.0,食費,夕食
現金,2026-06-23,ベックスコーヒー横浜北口店,-398.0,食費,昼食
現金,2026-06-23,ベックスコーヒー横浜北口店,-928.0,食費,昼食
現金,2026-06-23,ベックスコーヒー横浜北口店,58.0,食費,飲料
現金,2026-06-23,ベックスコーヒー横浜北口店,398.0,食費,昼食
JCBデビット,2026-06-22,ＡＰＰＬＥ．ＣＯＭ／ＢＩＬＬ,-4900.0,通信費,アプリ
JCBデビット,2026-06-22,三和サクラス戸塚店,-170.0,食費,夕食
JCBデビット,2026-06-22,スターバックスコーヒー,-510.0,食費,カフェ
JCBデビット,2026-06-22,ＦＵＪＩ寒川,-506.0,食費,昼食
現金,2026-06-22,ミスタードーナツ 戸塚西口ショップ,-363.0,食費,朝食
現金,2026-06-22,-,-803.0,食費,昼食
現金,2026-06-22,-,-803.0,食費,昼食
JCBデビット,2026-06-21,三和サクラス戸塚店,-318.0,食費,夕食
JCBデビット,2026-06-21,ＳＱ＊旧三福不動産,-1100.0,教養,会場
JCBデビット,2026-06-21,ＮｅｗＤａｙｓ／ＫＩＯＳＫ,-160.0,食費,飲料
JCBデビット,2026-06-21,ローソン戸塚町矢沢,-448.0,食費,間食
JCBデビット,2026-06-21,サンマルクカフェ　戸塚店,-630.0,食費,カフェ
JCBデビット,2026-06-21,みなとみらい線　タッチ決済,-200.0,交通費,電車
JCBデビット,2026-06-20,ＮｅｗＤａｙｓ／ＫＩＯＳＫ,-187.0,食費,飲料
JCBデビット,2026-06-20,ポルタ,-3168.0,交際費,飲食
JCBデビット,2026-06-20,ＳＱ＊ベーカリー三三,-430.0,食費,カフェ
JCBデビット,2026-06-20,Ｓｕｉｃａ〔携帯決済〕,-10000.0,立替・資金移動,精算
JCBデビット,2026-06-20,２３２９ハックドラッグ横浜南太田店,-575.0,消耗品,日用品
JCBデビット,2026-06-20,アエナサクラス戸塚店,-850.0,食費,夕食
JCBデビット,2026-06-20,東急ストア,-537.0,食費,昼食
JCBデビット,2026-06-20,ＤＣＳ・戸塚駅店,-400.0,食費,カフェ
JCBデビット,2026-06-19,ダイドードリンコ　飲料自販機,-110.0,食費,飲料
JCBデビット,2026-06-19,ココナラ,-5275.0,教養,習い事
JCBデビット,2026-06-19,ローソン中山駅前,-311.0,食費,間食
JCBデビット,2026-06-19,ＮｅｗＤａｙｓ／ＫＩＯＳＫ,-162.0,食費,飲料
JCBデビット,2026-06-19,バーガーキング,-600.0,食費,昼食
JCBデビット,2026-06-18,クリエイトエス・ディー,-316.0,消耗品,日用品
JCBデビット,2026-06-18,ＤＣＳ・横浜北幸店,-400.0,食費,カフェ
JCBデビット,2026-06-18,ダイソー,-220.0,消耗品,日用品
JCBデビット,2026-06-18,Ｓｕｉｃａ［携帯決済］,-36420.0,立替・資金移動,精算
JCBデビット,2026-06-18,ＮｅｗＤａｙｓ／ＫＩＯＳＫ,-333.0,食費,昼食
JCBデビット,2026-06-18,ドトールコーヒー,-480.0,食費,カフェ
現金,2026-06-18,ミスタードーナツ茅ケ崎北口ショップ,-363.0,食費,朝食
JCBデビット,2026-06-17,２２１３ハックドラッグサクラス戸塚店,-217.0,消耗品,日用品
JCBデビット,2026-06-17,セリア２３０７サクラス戸塚店,-220.0,消耗品,日用品
JCBデビット,2026-06-17,業務スーパー　戸塚店,-1288.0,食費,夕食
JCBデビット,2026-06-17,ＤＣＳ・ＥｎｅＪｅｔ狩場インター店,-330.0,食費,カフェ
JCBデビット,2026-06-17,ココカラファイン,-1365.0,消耗品,日用品
JCBデビット,2026-06-17,スーパーマルヤマ　藤棚店,-342.0,食費,昼食
JCBデビット,2026-06-17,大地宅配,-2218.0,食費,夕食
現金,2026-06-17,ベックスコーヒー横浜北口店,-110.0,食費,飲料
JCBデビット,2026-06-16,三和サクラス戸塚店,-321.0,食費,夕食
JCBデビット,2026-06-16,セリア２３０７サクラス戸塚店,-110.0,消耗品,日用品
JCBデビット,2026-06-16,ＮｅｗＤａｙｓ／ＫＩＯＳＫ,-183.0,食費,飲料
JCBデビット,2026-06-16,ローソン寒川岡田,-168.0,食費,飲料
JCBデビット,2026-06-16,ローソン寒川岡田,-110.0,食費,飲料
現金,2026-06-13,-,-2100.0,消耗品,その他
現金,2026-06-12,ミスタードーナツ 戸塚西口ショップ,-363.0,食費,朝食
現金,2026-06-12,-,-120.0,食費,飲料
現金,2026-06-09,ミスタードーナツ 戸塚西口ショップ,-363.0,食費,朝食
LIFEカード,2026-06-09,エフビツト　ガス,-2524.0,水道光熱費,ガス
現金,2026-06-07,-,-1000.0,食費,昼食
現金,2026-06-07,ベックスコーヒー横浜北口店,-500.0,食費,昼食
現金,2026-06-07,ベックスコーヒー横浜北口店,390.0,食費,昼食
現金,2026-06-05,ミスタードーナツ 戸塚西口ショップ,-363.0,食費,朝食
現金,2026-06-04,ベックスコーヒー横浜北口店,-500.0,食費,昼食
現金,2026-06-04,ベックスコーヒー横浜北口店,390.0,食費,昼食
現金,2026-06-03,ベックスコーヒー横浜駅南口店,-500.0,食費,カフェ
現金,2026-06-03,ベックスコーヒー横浜駅南口店,390.0,食費,カフェ
現金,2026-06-02,-,-110.0,食費,飲料
LIFEカード,2026-05-31,オプテージ利用料金,-2712.0,通信費,携帯電話
現金,2026-05-27,ベックスコーヒー横浜北口店,-500.0,食費,昼食
現金,2026-05-27,ベックスコーヒー横浜北口店,390.0,食費,昼食
現金,2026-05-27,-,-110.0,食費,飲料
現金,2026-05-27,-,-190.0,食費,飲料
現金,2026-05-27,-,-170.0,食費,飲料
現金,2026-05-27,-,-220.0,食費,昼食
現金,2026-05-27,-,-190.0,食費,飲料
現金,2026-05-27,-,-190.0,食費,飲料
現金,2026-05-27,-,-90.0,食費,飲料
LIFEカード,2026-05-27,Ｌｏｏｏｐでんき,-4371.0,水道光熱費,電気
現金,2026-05-24,-,-912.0,食費,昼食
現金,2026-05-24,-,-2420.0,消耗品,その他
現金,2026-05-24,-,-250.0,食費,昼食
現金,2026-05-24,-,-518.0,食費,昼食
現金,2026-05-23,宇都宮みんみん 来らっせ店,-390.0,交際費,飲食
現金,2026-05-23,-,-580.0,食費,昼食
現金,2026-05-22,ベックスコーヒー横浜北口店,-520.0,食費,昼食
現金,2026-05-22,ベックスコーヒー横浜北口店,-500.0,食費,昼食
現金,2026-05-22,ベックスコーヒー横浜北口店,50.0,食費,飲料
現金,2026-05-20,キッチンオリジン 藤棚店,-499.0,食費,昼食
現金,2026-05-20,キッチンオリジン 藤棚店,-39.0,食費,飲料
JCBデビット,2026-05-15,ＮｅｗＤａｙｓ／ＫＩＯＳＫ,-183.0,食費,飲料
JCBデビット,2026-05-15,ファミリーマート　横浜鴨居駅前,-180.0,食費,飲料
JCBデビット,2026-05-15,メルカリ,-15000.0,美容・衣類,コスメ
JCBデビット,2026-05-15,バーガーキング,-580.0,食費,昼食
JCBデビット,2026-05-15,まいばすけっと,-117.0,食費,飲料
JCBデビット,2026-05-15,京急電鉄　交通利用,-240.0,交通費,電車
JCBデビット,2026-05-14,横浜スタジアム,-900.0,交際費,イベント
JCBデビット,2026-05-14,小松商事精算機,-300.0,交通費,その他
JCBデビット,2026-05-14,ウィングキッチン京急川崎,-110.0,食費,飲料
JCBデビット,2026-05-14,ドトールコーヒー,-300.0,食費,カフェ
JCBデビット,2026-05-14,ファミリーマート　京急川崎駅前,-149.0,食費,飲料
JCBデビット,2026-05-14,ＡＭＡＺＯＮ．ＣＯ．ＪＰ,-5981.0,食費,夕食
JCBデビット,2026-05-14,マルエツ　天王町,-524.0,食費,昼食
JCBデビット,2026-05-14,モスバーガー横浜天王町店,-300.0,食費,カフェ
JCBデビット,2026-05-14,ファミリーマート　横浜天王町,-16.0,食費,飲料
JCBデビット,2026-05-13,ＮｅｗＤａｙｓ／ＫＩＯＳＫ,-235.0,食費,昼食
JCBデビット,2026-05-13,横浜ベイクォーター,-6721.0,交際費,飲食
JCBデビット,2026-05-13,ＤＣＳ・ＥｎｅＪｅｔ狩場インター店,-126.0,食費,カフェ
JCBデビット,2026-05-13,ローソン寒川岡田,-152.0,食費,飲料
JCBデビット,2026-05-12,まいばすけっと,-828.0,食費,昼食
LIFEカード,2026-05-12,エフビツト　ガス,-2611.0,水道光熱費,ガス
JCBデビット,2026-05-11,業務スーパー　戸塚店,-1824.0,食費,夕食
JCBデビット,2026-05-11,ＪＲ東日本エキナカ自販機　ａｃｕｒｅ,-150.0,食費,飲料
JCBデビット,2026-05-11,ケンタッキーフライドチキン,-290.0,食費,昼食
JCBデビット,2026-05-11,Ｓｕｉｃａ〔携帯決済〕,-5000.0,立替・資金移動,精算
JCBデビット,2026-05-11,Ｓｕｉｃａ〔携帯決済〕,-10000.0,立替・資金移動,精算
JCBデビット,2026-05-11,ＺＯＺＯＴＯＷＮ,-330.0,美容・衣類,洋服
JCBデビット,2026-05-11,ドトールコーヒー,-300.0,食費,カフェ
JCBデビット,2026-05-11,ラスカ平塚,-510.0,食費,カフェ
JCBデビット,2026-05-11,ＮｅｗＤａｙｓ／ＫＩＯＳＫ,-151.0,食費,飲料
JCBデビット,2026-05-11,アイハーブジャパンゴウドウガイシャ,-6160.0,食費,飲料
JCBデビット,2026-05-11,横浜市営地下鉄　タッチ決済,-484.0,交通費,電車
JCBデビット,2026-05-11,ＮｅｗＤａｙｓ／ＫＩＯＳＫ,-160.0,食費,飲料
JCBデビット,2026-05-10,ヨークフーズ港南中央店,-322.0,食費,昼食
JCBデビット,2026-05-09,セリア２３０７サクラス戸塚店,-110.0,消耗品,日用品
JCBデビット,2026-05-09,三和サクラス戸塚店,-557.0,食費,夕食
JCBデビット,2026-05-09,サーティワンアイスクリーム,-680.0,交際費,飲食
JCBデビット,2026-05-09,ＥＸＣ・渋谷公園通り店,-1880.0,交際費,飲食
JCBデビット,2026-05-09,猫カフェモカ,-8470.0,交際費,飲食
JCBデビット,2026-05-09,ＮｅｗＤａｙｓ／ＫＩＯＳＫ,-160.0,食費,飲料
現金,2026-05-09,-,-880.0,食費,昼食
JCBデビット,2026-05-08,セリア２３０７サクラス戸塚店,-110.0,消耗品,日用品
JCBデビット,2026-05-08,ＢＬＵＥＢ,-1800.0,交際費,飲食
JCBデビット,2026-05-08,まいばすけっと,-374.0,食費,昼食
JCBデビット,2026-05-07,三和サクラス戸塚店,-660.0,食費,夕食
JCBデビット,2026-05-07,東急プラザ　戸塚,-330.0,消耗品,生活用品
JCBデビット,2026-05-07,スーパーマルヤマ　藤棚店,-235.0,食費,昼食
JCBデビット,2026-05-07,ココカラファイン,-877.0,消耗品,日用品
JCBデビット,2026-05-06,三和サクラス戸塚店,-101.0,食費,夕食
JCBデビット,2026-05-06,ヤマト運輸株式会社,-775.0,美容・衣類,洋服
JCBデビット,2026-05-06,ファミリーマート　ファミマ横浜アイマーク,-149.0,食費,飲料
JCBデビット,2026-05-06,楽天ペイ　ＴＨＥ　ＹＯＫＯＨＡＭＡＢＡＹ,-3740.0,交際費,飲食
JCBデビット,2026-05-06,ＤＣＳ・みなとみらいグランモール公園店,-1310.0,交際費,飲食
JCBデビット,2026-05-06,ハンズ　横浜店,-1650.0,消耗品,生活用品
JCBデビット,2026-05-06,横浜市営地下鉄　タッチ決済,-484.0,交通費,電車
JCBデビット,2026-05-06,大地宅配,-2031.0,食費,夕食
JCBデビット,2026-05-05,＊ヤマトウンユ,-1875.0,美容・衣類,洋服
JCBデビット,2026-05-05,三和サクラス戸塚店,-62.0,食費,夕食
JCBデビット,2026-05-04,株式会社ウィズ,-4160.0,交際費,その他
JCBデビット,2026-05-04,業務スーパー　戸塚店,-294.0,食費,夕食
JCBデビット,2026-05-04,無印良品,-299.0,消耗品,生活用品
JCBデビット,2026-05-04,大四通商／Ａｉｒ,-6500.0,交際費,イベント
JCBデビット,2026-05-04,三和サクラス戸塚店,-127.0,食費,夕食
JCBデビット,2026-05-04,２２１３ハックドラッグサクラス戸塚店,-1508.0,消耗品,日用品
JCBデビット,2026-05-04,まいばすけっと,-214.0,食費,昼食
JCBデビット,2026-05-03,ＢＬＵＥＢ,-600.0,交際費,飲食
JCBデビット,2026-05-03,三和サクラス戸塚店,-449.0,食費,夕食
JCBデビット,2026-05-03,２２１３ハックドラッグサクラス戸塚店,-547.0,消耗品,日用品
JCBデビット,2026-05-03,戸塚モディ,-550.0,消耗品,日用品
JCBデビット,2026-05-03,ナチュラルローソン横浜ベイクォーター,-198.0,食費,飲料
JCBデビット,2026-05-03,ジョイナス,-3700.0,交際費,飲食
JCBデビット,2026-05-02,ＺＯＺＯＴＯＷＮ,-7779.0,美容・衣類,洋服
JCBデビット,2026-05-02,ＮｅｗＤａｙｓ／ＫＩＯＳＫ,-162.0,食費,飲料
JCBデビット,2026-05-02,ビナウォーク,-4990.0,交際費,飲食
JCBデビット,2026-05-02,ＳＡＬＶＡＴＯＲＥＣＵＯＭＯ＆ＢＡＲ町田,-4939.0,交際費,飲食
JCBデビット,2026-05-01,シァル横浜,-3210.0,交際費,飲食
JCBデビット,2026-05-01,ＤＣＳ・横浜北幸店,-820.0,食費,カフェ
JCBデビット,2026-05-01,ジョイナス,-723.0,交際費,飲食
JCBデビット,2026-05-01,５倍塾受講生限定フォ－ラム,-3300.0,教養,習い事
JCBデビット,2026-04-30,まいばすけっと,-378.0,食費,昼食
JCBデビット,2026-04-30,ローソン戸塚駅西口,-159.0,食費,飲料
JCBデビット,2026-04-30,まいばすけっと,-646.0,食費,昼食
JCBデビット,2026-04-30,デイリーヤマザキ,-367.0,食費,昼食
JCBデビット,2026-04-30,クリエイトエス・ディー,-105.0,消耗品,日用品
現金,2026-04-30,ミスタードーナツ 戸塚西口ショップ,-363.0,食費,朝食
LIFEカード,2026-04-30,オプテージ利用料金,-3878.0,通信費,携帯電話
JCBデビット,2026-04-29,２２１３ハックドラッグサクラス戸塚店,-503.0,消耗品,日用品
JCBデビット,2026-04-29,三和サクラス戸塚店,-427.0,食費,夕食
JCBデビット,2026-04-29,ＡＭＡＺＯＮ．ＣＯ．ＪＰ,-3230.0,消耗品,生活用品
JCBデビット,2026-04-29,ナチュラルローソン横浜ベイクォーター,-149.0,食費,飲料
JCBデビット,2026-04-29,ＴＯ　ＴＨＥ　ＨＥＲＢＳ渋谷店／Ａｉｒ,-3700.0,交際費,飲食
JCBデビット,2026-04-28,セブン－イレブン横浜新井町店,-91.0,食費,飲料
JCBデビット,2026-04-28,まいばすけっと,-460.0,食費,昼食
JCBデビット,2026-04-28,ローソンＬＴＦ保土ヶ谷東口,-268.0,食費,昼食
JCBデビット,2026-04-27,三和サクラス戸塚店,-170.0,食費,夕食
JCBデビット,2026-04-27,まいばすけっと,-236.0,食費,昼食
JCBデビット,2026-04-27,スーパーマルヤマ　藤棚店,-255.0,食費,昼食
現金,2026-04-27,ベックスコーヒー横浜駅南口店,-1750.0,食費,カフェ
JCBデビット,2026-04-25,セリア２３０７サクラス戸塚店,-110.0,消耗品,日用品
JCBデビット,2026-04-25,三和サクラス戸塚店,-591.0,食費,夕食
JCBデビット,2026-04-25,ＡＭＡＺＯＮ．ＣＯ．ＪＰ,-1366.0,消耗品,生活用品
JCBデビット,2026-04-25,鎌倉のごはんやさん石渡,-2890.0,交際費,飲食
JCBデビット,2026-04-25,ＮｅｗＤａｙｓ／ＫＩＯＳＫ,-160.0,食費,飲料
LIFEカード,2026-04-25,Ｌｏｏｏｐでんき,-5768.0,水道光熱費,電気
JCBデビット,2026-04-24,株式会社ウィズ,-1100.0,交際費,その他
JCBデビット,2026-04-24,三和サクラス戸塚店,-346.0,食費,夕食
JCBデビット,2026-04-24,ローソン横浜戸部町三丁目,-321.0,食費,昼食
JCBデビット,2026-04-24,ローソン横浜山元町二丁目,-181.0,食費,飲料
JCBデビット,2026-04-24,ローソン横浜山元町二丁目,-369.0,食費,昼食
JCBデビット,2026-04-23,星乃珈琲店　横浜鶴屋町店,-2070.0,交際費,飲食
JCBデビット,2026-04-23,ダイドードリンコ　飲料自販機,-110.0,食費,飲料
JCBデビット,2026-04-22,大地宅配,-2031.0,食費,夕食
JCBデビット,2026-04-21,Ａｍａｚｏｎプライム会費,-600.0,その他,雑費
JCBデビット,2026-04-21,三和サクラス戸塚店,-535.0,食費,夕食
JCBデビット,2026-04-21,ファミリーマート　渋谷ガーデンフロント,-149.0,食費,飲料
JCBデビット,2026-04-21,ｈｏｌｌｏ　ＳＨＩＢＵＹＡ,-6600.0,美容・衣類,洋服
JCBデビット,2026-04-21,Ｓｕｉｃａ〔携帯決済〕,-10000.0,立替・資金移動,精算
JCBデビット,2026-04-21,サンマルクカフェ　西鉄イン新宿店,-370.0,食費,夕食
JCBデビット,2026-04-21,まいばすけっと,-243.0,食費,昼食
JCBデビット,2026-04-21,ＣＬＡＵＤＥ．ＡＩ　ＳＵＢＳＣＲＩＰＴＩＯＮ,-3677.0,教養,学費
JCBデビット,2026-04-21,スターバックス　ＴＢＳ　海老名,-510.0,食費,カフェ
JCBデビット,2026-04-21,デイリーヤマザキ,-512.0,食費,昼食
JCBデビット,2026-04-21,デイリーヤマザキ,-476.0,食費,昼食
JCBデビット,2026-04-20,業務スーパー　戸塚店,-500.0,食費,夕食
JCBデビット,2026-04-20,ココカラファイン,-149.0,消耗品,日用品
JCBデビット,2026-04-20,バーガーキング,-580.0,食費,昼食
JCBデビット,2026-04-20,メルカリ,-1700.0,美容・衣類,コスメ
JCBデビット,2026-04-20,横浜市営地下鉄　タッチ決済,-484.0,交通費,電車
JCBデビット,2026-04-19,セリア２３０７サクラス戸塚店,-220.0,消耗品,日用品
JCBデビット,2026-04-19,メルカリ,-2200.0,美容・衣類,コスメ
JCBデビット,2026-04-19,ファミリーマート　港南中央通,-172.0,食費,飲料
JCBデビット,2026-04-18,桜木町ふぐよし総本店,-8420.0,交際費,飲食
JCBデビット,2026-04-18,ＣＩＡＬ桜木町,-1188.0,交際費,飲食
JCBデビット,2026-04-17,２２１３ハックドラッグサクラス戸塚店,-217.0,消耗品,日用品
JCBデビット,2026-04-17,セリア２３０７サクラス戸塚店,-220.0,消耗品,日用品
JCBデビット,2026-04-17,業務スーパー　戸塚店,-919.0,食費,夕食
JCBデビット,2026-04-17,ナチュラルローソン川崎フロンティアビル,-181.0,食費,飲料
現金,2026-04-17,ミスタードーナツ 戸塚西口ショップ,-363.0,食費,朝食
JCBデビット,2026-04-16,三和サクラス戸塚店,-105.0,食費,夕食
JCBデビット,2026-04-16,ＮｅｗＤａｙｓ／ＫＩＯＳＫ,-127.0,食費,飲料
JCBデビット,2026-04-16,ＪＲ東日本エキナカ自販機　ａｃｕｒｅ,-160.0,食費,飲料
現金,2026-04-16,ミスタードーナツ 戸塚西口ショップ,-363.0,食費,朝食
JCBデビット,2026-04-15,三和サクラス戸塚店,-267.0,食費,夕食
JCBデビット,2026-04-15,ＡＭＡＺＯＮ．ＣＯ．ＪＰ,-1615.0,消耗品,生活用品
JCBデビット,2026-04-15,ローソン寒川岡田,-198.0,食費,飲料
JCBデビット,2026-04-15,Ａｍａｚｏｎ　Ｍａｒｋｅｔ　Ｐｌａｃｅ,-3650.0,食費,夕食
JCBデビット,2026-04-15,メルカリ,-980.0,美容・衣類,コスメ
JCBデビット,2026-04-15,ローソン寒川岡田,-165.0,食費,飲料
JCBデビット,2026-04-14,まいばすけっと,-88.0,食費,飲料
JCBデビット,2026-04-14,まいばすけっと,-244.0,食費,昼食
JCBデビット,2026-04-14,メルカリ,-1000.0,美容・衣類,コスメ
JCBデビット,2026-04-13,まいばすけっと,-214.0,食費,昼食
JCBデビット,2026-04-13,ローソン戸塚駅西口,-181.0,食費,飲料
JCBデビット,2026-04-13,まいばすけっと,-106.0,食費,飲料
JCBデビット,2026-04-13,まいばすけっと,-244.0,食費,昼食
JCBデビット,2026-04-12,三和サクラス戸塚店,-1371.0,美容・衣類,コスメ
JCBデビット,2026-04-12,２２１３ハックドラッグサクラス戸塚店,-327.0,消耗品,日用品
JCBデビット,2026-04-12,ローソン鎌倉玉縄一丁目,-181.0,食費,飲料
JCBデビット,2026-04-12,三和サクラス戸塚店,-95.0,食費,夕食
JCBデビット,2026-04-12,株式会社ウィズ,-1100.0,交際費,その他
JCBデビット,2026-04-11,ファミリーマート　サンズ戸塚駅北,-501.0,食費,昼食
JCBデビット,2026-04-11,三和サクラス戸塚店,-300.0,食費,夕食
JCBデビット,2026-04-11,セリア２３０７サクラス戸塚店,-110.0,消耗品,日用品
JCBデビット,2026-04-10,ジョイナス,-450.0,交際費,飲食
JCBデビット,2026-04-10,キッズライン,-5848.0,その他,雑費
JCBデビット,2026-04-10,トーヨーベンディング飲料自販機,-400.0,食費,昼食
JCBデビット,2026-04-09,三和サクラス戸塚店,-274.0,食費,夕食
JCBデビット,2026-04-09,ノジマ　戸塚モディ店,-690.0,消耗品,生活用品
JCBデビット,2026-04-09,おかしのまちおか　千歳烏山店,-74.0,食費,間食
JCBデビット,2026-04-09,まいばすけっと,-244.0,食費,昼食
JCBデビット,2026-04-09,ＮｅｗＤａｙｓ／ＫＩＯＳＫ,-173.0,食費,飲料
現金,2026-04-09,-,-110.0,食費,飲料
LIFEカード,2026-04-09,ＪＲヒガシニホン　ミドリノマドグ,-4880.0,交際費,イベント
LIFEカード,2026-04-09,ＪＲヒガシニホン　ミドリノマドグ,-5950.0,交際費,イベント
LIFEカード,2026-04-09,サンワ　サクラス　トツカテン,-95.0,食費,夕食
JCBデビット,2026-04-08,三和サクラス戸塚店,-50.0,食費,夕食
JCBデビット,2026-04-08,ＳＱ＊ｇｒａｎｏ,-7900.0,交際費,飲食
JCBデビット,2026-04-08,まいばすけっと,-74.0,食費,飲料
JCBデビット,2026-04-08,セブン－イレブン大田区本羽田１丁目店,-143.0,食費,飲料
JCBデビット,2026-04-08,Ｓｕｉｃａ〔携帯決済〕,-10000.0,立替・資金移動,精算
JCBデビット,2026-04-08,大地宅配,-2031.0,食費,夕食
JCBデビット,2026-04-08,ＡＭＡＺＯＮ．ＣＯ．ＪＰ,-2990.0,消耗品,生活用品
現金,2026-04-08,-,-213.0,食費,昼食
現金,2026-04-08,-,-56.0,食費,飲料
現金,2026-04-08,-,-493.0,食費,昼食
LIFEカード,2026-04-08,エフビツト　ガス,-2732.0,水道光熱費,ガス
JCBデビット,2026-04-07,三和サクラス戸塚店,-158.0,食費,夕食
JCBデビット,2026-04-07,井出整形外科内科クリニック,-760.0,医療費,診察
JCBデビット,2026-04-07,メルカリ,-2820.0,美容・衣類,コスメ
JCBデビット,2026-04-07,まいばすけっと,-653.0,食費,昼食
JCBデビット,2026-04-07,ファミリーマート　横浜天王町,-172.0,食費,飲料
JCBデビット,2026-04-07,ファミリーマート　横浜天王町,-16.0,食費,飲料
JCBデビット,2026-04-06,メルカリ,-3480.0,美容・衣類,コスメ
JCBデビット,2026-04-06,まいばすけっと,-244.0,食費,昼食
JCBデビット,2026-04-06,ＮｅｗＤａｙｓ／ＫＩＯＳＫ,-173.0,食費,飲料
JCBデビット,2026-04-05,株式会社ウィズ,-4160.0,交際費,その他
JCBデビット,2026-04-05,三和サクラス戸塚店,-535.0,食費,夕食
JCBデビット,2026-04-05,大佛次郎記念館／Ａｉｒ,-200.0,教養,会場
JCBデビット,2026-04-05,横浜市営地下鉄　タッチ決済,-452.0,交通費,電車
JCBデビット,2026-04-04,アエナサクラス戸塚店,-107.0,食費,夕食
JCBデビット,2026-04-04,ＫＥＹ’Ｓ　ＣＡＦＥ　横浜蒔田店,-900.0,食費,昼食
JCBデビット,2026-04-04,アカフ－ボウル／ＳＢ,-2600.0,交際費,イベント
JCBデビット,2026-04-04,ウィング　上大岡,-710.0,交際費,飲食
JCBデビット,2026-04-03,まいばすけっと,-150.0,食費,飲料
JCBデビット,2026-04-03,東急ストア,-138.0,食費,飲料
JCBデビット,2026-04-03,まいばすけっと,-105.0,食費,飲料
JCBデビット,2026-04-03,ＤＣＳ・茅ヶ崎南口店,-300.0,食費,カフェ
JCBデビット,2026-04-03,マルエツ　香川駅前店,-193.0,食費,飲料
現金,2026-04-03,ミスタードーナツ茅ケ崎北口ショップ,-363.0,食費,朝食
JCBデビット,2026-04-02,アエナサクラス戸塚店,-766.0,食費,夕食
JCBデビット,2026-04-02,三和サクラス戸塚店,-417.0,食費,夕食
JCBデビット,2026-04-02,東急ストア,-149.0,食費,飲料
JCBデビット,2026-04-02,まいばすけっと,-212.0,食費,昼食
JCBデビット,2026-04-02,ＮｅｗＤａｙｓ／ＫＩＯＳＫ,-156.0,食費,飲料
JCBデビット,2026-04-01,ＵＤＥＭＹＥＵ,-3000.0,教養,習い事
JCBデビット,2026-04-01,三和サクラス戸塚店,-254.0,食費,夕食
JCBデビット,2026-04-01,まいばすけっと,-266.0,食費,昼食
JCBデビット,2026-04-01,５倍塾受講生限定フォ－ラム,-3300.0,教養,習い事
JCBデビット,2026-04-01,横浜市営地下鉄　タッチ決済,-242.0,交通費,電車
現金,2026-04-01,-,-130.0,食費,飲料
LIFEカード,2026-04-01,ニトリ,-1790.0,消耗品,その他
JCBデビット,2026-03-31,三和サクラス戸塚店,-492.0,食費,夕食
JCBデビット,2026-03-31,ヨークフーズ港南中央店,-139.0,食費,飲料
JCBデビット,2026-03-31,ダイソー,-220.0,消耗品,日用品
JCBデビット,2026-03-31,メルカリ,-1000.0,美容・衣類,コスメ
JCBデビット,2026-03-31,メルカリ,-2999.0,美容・衣類,コスメ
JCBデビット,2026-03-31,メルカリ,-2000.0,美容・衣類,コスメ
JCBデビット,2026-03-31,ルクス,-736.0,消耗品,日用品
JCBデビット,2026-03-31,横浜市営地下鉄　タッチ決済,-272.0,交通費,電車
LIFEカード,2026-03-31,オプテージ利用料金,-3231.0,通信費,携帯電話
JCBデビット,2026-03-30,三和サクラス戸塚店,-483.0,食費,夕食
JCBデビット,2026-03-30,ファミリーマート　横浜万国橋,-336.0,食費,間食
JCBデビット,2026-03-30,ダイドードリンコ〔飲料自販機〕,-140.0,食費,飲料
JCBデビット,2026-03-30,象の鼻カフェ,-800.0,食費,昼食
JCBデビット,2026-03-30,セブン－イレブン横浜弘明寺駅前店,-68.0,食費,飲料
JCBデビット,2026-03-30,エムズ歯科クリニック弘明寺,-3900.0,医療費,診察
JCBデビット,2026-03-30,横浜市営地下鉄　タッチ決済,-484.0,交通費,電車
JCBデビット,2026-03-29,三和サクラス戸塚店,-321.0,食費,夕食
JCBデビット,2026-03-29,ファミリーマート　港南中央通,-172.0,食費,飲料
JCBデビット,2026-03-29,２２１３ハックドラッグサクラス戸塚店,-1042.0,消耗品,日用品
JCBデビット,2026-03-29,セリア２３０７サクラス戸塚店,-333.0,消耗品,日用品
現金,2026-03-29,ベックスコーヒー横浜北口店,-590.0,食費,昼食
現金,2026-03-29,ベックスコーヒー横浜北口店,390.0,食費,昼食
LIFEカード,2026-03-29,ニトリ,-2990.0,消耗品,その他
JCBデビット,2026-03-28,三和サクラス戸塚店,-567.0,食費,夕食
JCBデビット,2026-03-28,２２１３ハックドラッグサクラス戸塚店,-382.0,消耗品,日用品
JCBデビット,2026-03-28,セリア２３０７サクラス戸塚店,-110.0,消耗品,日用品
JCBデビット,2026-03-28,三和サクラス戸塚店,-138.0,食費,夕食
現金,2026-03-28,-,-528.0,食費,昼食
現金,2026-03-28,-,-528.0,食費,昼食
LIFEカード,2026-03-28,ＡＭＡＺＯＮ．ＣＯ．ＪＰ,-1999.0,消耗品,生活用品
JCBデビット,2026-03-27,三和サクラス戸塚店,-468.0,食費,夕食
JCBデビット,2026-03-27,デイリーヤマザキ,-168.0,食費,飲料
JCBデビット,2026-03-27,タリーズコーヒー,-555.0,食費,カフェ
JCBデビット,2026-03-27,ドトールコーヒー,-160.0,食費,カフェ
JCBデビット,2026-03-27,ドトールコーヒー,-300.0,食費,カフェ
JCBデビット,2026-03-27,ファミリーマート　サンズ戸塚駅北,-140.0,食費,飲料
JCBデビット,2026-03-27,Ａｍａｚｏｎ　Ｍａｒｋｅｔ　Ｐｌａｃｅ,-3480.0,食費,夕食
現金,2026-03-27,ベックスコーヒー横浜駅南口店,-500.0,食費,カフェ
現金,2026-03-27,ベックスコーヒー横浜駅南口店,390.0,食費,カフェ
LIFEカード,2026-03-27,ＡＭＡＺＯＮ．ＣＯ．ＪＰ,-7000.0,消耗品,その他
JCBデビット,2026-03-26,三和サクラス戸塚店,-277.0,食費,夕食
JCBデビット,2026-03-26,三本珈琲店,-1413.0,交際費,飲食
JCBデビット,2026-03-26,小田原城天守閣,-2000.0,交際費,イベント
JCBデビット,2026-03-26,一〇八抹茶茶廊,-850.0,食費,カフェ
現金,2026-03-26,-,-100.0,食費,飲料
LIFEカード,2026-03-26,Ｌｏｏｏｐでんき,-4677.0,水道光熱費,電気
LIFEカード,2026-03-26,ＡＭＡＺＯＮ．ＣＯ．ＪＰ,-1380.0,消耗品,生活用品
JCBデビット,2026-03-25,メルカリＳｈｏｐｓ,-680.0,消耗品,生活用品
JCBデビット,2026-03-25,業務スーパー　戸塚店,-412.0,食費,夕食
JCBデビット,2026-03-25,Ｓｕｉｃａ〔携帯決済〕,-10000.0,立替・資金移動,精算
JCBデビット,2026-03-25,サンマルクカフェ　西鉄イン新宿店,-370.0,食費,夕食
JCBデビット,2026-03-25,まいばすけっと,-89.0,食費,飲料
JCBデビット,2026-03-25,メルカリ,-1699.0,美容・衣類,コスメ
JCBデビット,2026-03-25,メルカリ,-899.0,美容・衣類,コスメ
JCBデビット,2026-03-25,メルカリ,-3200.0,美容・衣類,コスメ
JCBデビット,2026-03-25,Ｊクロフーズ・ＭＰ－１０,-341.0,食費,カフェ
現金,2026-03-25,ベックスコーヒー横浜北口店,-500.0,食費,昼食
現金,2026-03-25,ベックスコーヒー横浜北口店,390.0,食費,昼食
JCBデビット,2026-03-24,ローソン旭本村町,-235.0,食費,夕食
JCBデビット,2026-03-24,クリエイトエス・ディー,-185.0,消耗品,日用品
JCBデビット,2026-03-24,ららぽーと海老名,-540.0,美容・衣類,コスメ
JCBデビット,2026-03-24,デイリーヤマザキ,-190.0,食費,飲料
JCBデビット,2026-03-24,デイリーヤマザキ,-153.0,食費,飲料
現金,2026-03-24,ニューデイズ戸塚地下,-183.0,食費,飲料
現金,2026-03-24,ニューデイズ戸塚地下,-127.0,食費,飲料
JCBデビット,2026-03-23,メルカリ,-1280.0,美容・衣類,コスメ
JCBデビット,2026-03-23,２２１３ハックドラッグサクラス戸塚店,-327.0,消耗品,日用品
JCBデビット,2026-03-23,業務スーパー　戸塚店,-1233.0,食費,夕食
JCBデビット,2026-03-23,八洋〔飲料自販機〕,-140.0,食費,飲料
JCBデビット,2026-03-23,ｈｏｌｌｏ　ＳＨＩＢＵＹＡ,-6600.0,美容・衣類,洋服
JCBデビット,2026-03-23,ファミリーマート　渋谷ガーデンフロント,-138.0,食費,飲料
JCBデビット,2026-03-23,大地宅配,-1980.0,食費,夕食
JCBデビット,2026-03-23,まいばすけっと,-967.0,食費,昼食
JCBデビット,2026-03-23,横浜市営地下鉄　タッチ決済,-484.0,交通費,電車
JCBデビット,2026-03-22,ベッド寝具専門店　イ－ズスペ－ス,-6999.0,消耗品,その他
JCBデビット,2026-03-22,メルカリ,-1100.0,美容・衣類,コスメ
JCBデビット,2026-03-22,Ａｍａｚｏｎ　Ｍａｒｋｅｔ　Ｐｌａｃｅ,-6630.0,食費,夕食
JCBデビット,2026-03-22,三和サクラス戸塚店,-759.0,食費,夕食
JCBデビット,2026-03-22,ファミリーマート　港南中央通,-236.0,食費,昼食
JCBデビット,2026-03-22,横浜市営地下鉄　タッチ決済,-692.0,交通費,電車
JCBデビット,2026-03-21,三和サクラス戸塚店,-415.0,食費,夕食
JCBデビット,2026-03-21,ＮｅｗＤａｙｓ／ＫＩＯＳＫ,-156.0,食費,飲料
JCBデビット,2026-03-21,ＣＬＡＵＤＥ．ＡＩ　ＳＵＢＳＣＲＩＰＴＩＯＮ,-3316.0,教養,学費
JCBデビット,2026-03-21,ローソン湘南台駅前,-361.0,食費,昼食
JCBデビット,2026-03-21,Ａｍａｚｏｎ　Ｍａｒｋｅｔ　Ｐｌａｃｅ,-2899.0,食費,夕食
JCBデビット,2026-03-21,ＤＣＳ・湘南台西口駅前店,-810.0,食費,昼食
JCBデビット,2026-03-21,ユニクロ,-2990.0,消耗品,その他
LIFEカード,2026-03-21,ニトリ,-1990.0,消耗品,その他
JCBデビット,2026-03-20,ＪＲ東日本エキナカ自販機　ａｃｕｒｅ,-160.0,食費,飲料
JCBデビット,2026-03-20,ジョイナス,-3050.0,交際費,飲食
JCBデビット,2026-03-20,２２１３ハックドラッグサクラス戸塚店,-742.0,消耗品,日用品
JCBデビット,2026-03-20,セリア２３０７サクラス戸塚店,-115.0,消耗品,日用品
JCBデビット,2026-03-20,ニトリ,-1998.0,消耗品,その他
LIFEカード,2026-03-20,ニトリ,-1990.0,消耗品,その他
JCBデビット,2026-03-19,三和サクラス戸塚店,-116.0,食費,夕食
JCBデビット,2026-03-19,セブン－イレブン横浜川和町店,-108.0,食費,飲料
JCBデビット,2026-03-19,ダイドードリンコ　飲料自販機,-110.0,食費,飲料
JCBデビット,2026-03-19,まいばすけっと,-105.0,食費,飲料
JCBデビット,2026-03-19,スーパーマルヤマ　藤棚店,-117.0,食費,飲料
JCBデビット,2026-03-19,ＮｅｗＤａｙｓ／ＫＩＯＳＫ,-127.0,食費,飲料
JCBデビット,2026-03-18,業務スーパー　戸塚店,-1465.0,食費,夕食
JCBデビット,2026-03-18,ＪＲ東日本エキナカ自販機　ａｃｕｒｅ,-160.0,食費,飲料
JCBデビット,2026-03-18,セブン－イレブン茅ヶ崎今宿東店,-34.0,食費,飲料
JCBデビット,2026-03-18,ローソンストア１００茅ヶ崎十間坂,-282.0,消耗品,その他
JCBデビット,2026-03-18,ＮｅｗＤａｙｓ／ＫＩＯＳＫ,-127.0,食費,飲料
現金,2026-03-18,-,-363.0,食費,昼食
JCBデビット,2026-03-17,三和サクラス戸塚店,-438.0,食費,夕食
JCBデビット,2026-03-17,まいばすけっと,-95.0,食費,飲料
JCBデビット,2026-03-17,ローソン寒川岡田,-185.0,食費,飲料
JCBデビット,2026-03-16,Ａｍａｚｏｎ　Ｍａｒｋｅｔ　Ｐｌａｃｅ,-948.0,食費,夕食
JCBデビット,2026-03-16,東急ストア,-105.0,食費,飲料
JCBデビット,2026-03-16,ＤＣＳ・ＥｎｅＪｅｔ狩場インター店,-380.0,食費,カフェ
JCBデビット,2026-03-16,まいばすけっと,-320.0,食費,昼食
JCBデビット,2026-03-16,Ａｍａｚｏｎプライム会費,-600.0,その他,雑費
JCBデビット,2026-03-16,ファミリーマート　相鉄二俣川駅,-145.0,食費,飲料
JCBデビット,2026-03-16,ファミリーマート　サンズ湘南台一丁目,-170.0,食費,飲料
JCBデビット,2026-03-16,バーガーキング,-580.0,食費,昼食
JCBデビット,2026-03-15,ヤマト運輸株式会社,-1369.0,美容・衣類,洋服
JCBデビット,2026-03-15,三和サクラス戸塚店,-416.0,食費,夕食
JCBデビット,2026-03-15,ＪＲ東日本エキナカ自販機　ａｃｕｒｅ,-120.0,食費,飲料
JCBデビット,2026-03-15,和菓子　菜の花,-320.0,交際費,贈答
JCBデビット,2026-03-15,菓処　ことほぎの木,-1512.0,交際費,贈答
JCBデビット,2026-03-15,福来すずめ,-160.0,食費,間食
JCBデビット,2026-03-15,小田原吉匠,-750.0,食費,カフェ
JCBデビット,2026-03-15,福来すずめ,-680.0,食費,間食
JCBデビット,2026-03-15,タリーズコーヒー,-390.0,食費,カフェ
JCBデビット,2026-03-15,＊ヤマトウンユ,-1875.0,美容・衣類,洋服
JCBデビット,2026-03-14,三和サクラス戸塚店,-227.0,食費,夕食
JCBデビット,2026-03-14,ファミリーマート　サンズ戸塚駅北,-285.0,食費,昼食
JCBデビット,2026-03-14,セリア２３０７サクラス戸塚店,-110.0,消耗品,日用品
JCBデビット,2026-03-14,三和サクラス戸塚店,-233.0,食費,夕食
現金,2026-03-14,-,-140.0,食費,飲料
JCBデビット,2026-03-13,Ｓｕｉｃａ［携帯決済］,-33890.0,立替・資金移動,精算
JCBデビット,2026-03-13,ニトリ,-5884.0,消耗品,その他
JCBデビット,2026-03-13,三和サクラス戸塚店,-298.0,食費,夕食
JCBデビット,2026-03-13,セリア２３０７サクラス戸塚店,-550.0,消耗品,日用品
JCBデビット,2026-03-13,２２１３ハックドラッグサクラス戸塚店,-294.0,消耗品,日用品
JCBデビット,2026-03-13,ファミリーマート　戸塚駅西口,-150.0,食費,飲料
JCBデビット,2026-03-13,まいばすけっと,-138.0,食費,飲料
現金,2026-03-13,ベックスコーヒー横浜駅南口店,-500.0,食費,カフェ
現金,2026-03-13,ベックスコーヒー横浜駅南口店,390.0,食費,カフェ
JCBデビット,2026-03-12,まいばすけっと,-51.0,食費,飲料
JCBデビット,2026-03-12,ファミリーマート　戸塚駅西口,-140.0,食費,飲料
JCBデビット,2026-03-12,ＤＣＳ・海老名ビナウォーク店,-400.0,食費,カフェ
JCBデビット,2026-03-12,デイリーヤマザキ,-198.0,食費,飲料
JCBデビット,2026-03-12,Ｓｕｉｃａ〔携帯決済〕,-10000.0,立替・資金移動,精算
JCBデビット,2026-03-12,ＮｅｗＤａｙｓ／ＫＩＯＳＫ,-127.0,食費,飲料
JCBデビット,2026-03-12,ファミリーマート　サンズ戸塚駅北,-140.0,食費,飲料
現金,2026-03-12,-,-120.0,食費,飲料
JCBデビット,2026-03-11,ＪＲ東日本エキナカ自販機　ａｃｕｒｅ,-160.0,食費,飲料
JCBデビット,2026-03-11,ポルタ,-1960.0,交際費,飲食
JCBデビット,2026-03-11,ドトールコーヒー,-400.0,食費,カフェ
JCBデビット,2026-03-11,快活ＣＬＵＢ　京急川崎駅前,-700.0,教養,会場
JCBデビット,2026-03-11,セリア２６５１ウィングキッチン京急川崎店,-330.0,消耗品,日用品
JCBデビット,2026-03-11,ＮｅｗＤａｙｓ／ＫＩＯＳＫ,-127.0,食費,飲料
JCBデビット,2026-03-10,セリア２３０７サクラス戸塚店,-110.0,消耗品,日用品
JCBデビット,2026-03-10,三和サクラス戸塚店,-768.0,食費,夕食
JCBデビット,2026-03-10,ファミリーマート　戸塚駅西口,-140.0,食費,飲料
JCBデビット,2026-03-10,ドラッグストアスマイル藤棚店,-1085.0,消耗品,その他
JCBデビット,2026-03-10,まいばすけっと,-338.0,食費,昼食
JCBデビット,2026-03-10,メルカリ,-800.0,美容・衣類,コスメ
JCBデビット,2026-03-09,三和サクラス戸塚店,-375.0,食費,夕食
JCBデビット,2026-03-09,業務スーパー　戸塚店,-592.0,食費,夕食
JCBデビット,2026-03-09,ケンタッキーフライドチキン,-270.0,食費,昼食
JCBデビット,2026-03-09,ＦＣＥｘ旭町通店,-1848.0,消耗品,その他
JCBデビット,2026-03-09,ファミリーマート　トツカーナ,-140.0,食費,飲料
JCBデビット,2026-03-09,戸塚モディ,-440.0,消耗品,日用品
JCBデビット,2026-03-09,まいばすけっと,-392.0,食費,昼食
JCBデビット,2026-03-09,メルカリ,-2500.0,美容・衣類,コスメ
LIFEカード,2026-03-09,エフビツト　ガス,-2289.0,水道光熱費,ガス
JCBデビット,2026-03-08,三和サクラス戸塚店,-578.0,食費,夕食
JCBデビット,2026-03-08,セリア２３０７サクラス戸塚店,-220.0,消耗品,日用品
JCBデビット,2026-03-08,三和サクラス戸塚店,-511.0,食費,夕食
JCBデビット,2026-03-08,横浜市営地下鉄　タッチ決済,-484.0,交通費,電車
現金,2026-03-08,-,-360.0,食費,昼食
JCBデビット,2026-03-07,三和サクラス戸塚店,-321.0,食費,夕食
JCBデビット,2026-03-07,東急ストア,-179.0,食費,飲料
JCBデビット,2026-03-07,ファミリーマート　港南中央通,-273.0,食費,昼食
JCBデビット,2026-03-06,株式会社ウィズ,-4160.0,交際費,その他
JCBデビット,2026-03-06,まいばすけっと,-65.0,食費,飲料
JCBデビット,2026-03-06,ファミリーマート　戸塚駅西口,-140.0,食費,飲料
JCBデビット,2026-03-06,まいばすけっと,-220.0,食費,昼食
JCBデビット,2026-03-06,さくらんぼ薬局,-3090.0,医療費,医薬品
JCBデビット,2026-03-06,井出整形外科内科クリニック,-600.0,医療費,診察
JCBデビット,2026-03-06,ファミリーマート　横浜天王町,-140.0,食費,飲料
JCBデビット,2026-03-06,メルカリ,-930.0,美容・衣類,コスメ
JCBデビット,2026-03-05,三和サクラス戸塚店,-105.0,食費,夕食
JCBデビット,2026-03-05,株式会社タイトー,-10.0,交際費,イベント
JCBデビット,2026-03-05,ダイニー,-2800.0,交際費,飲食
JCBデビット,2026-03-05,ベローチェ鴨居店,-710.0,食費,カフェ
JCBデビット,2026-03-05,まいばすけっと,-200.0,食費,飲料
JCBデビット,2026-03-05,まいばすけっと,-150.0,食費,飲料
現金,2026-03-05,-,-200.0,食費,飲料
JCBデビット,2026-03-04,三和サクラス戸塚店,-129.0,食費,夕食
JCBデビット,2026-03-04,ファミリーマート　地下鉄戸塚駅,-150.0,食費,飲料
JCBデビット,2026-03-04,ＤＣＳ・ＥｎｅＪｅｔ狩場インター店,-380.0,食費,カフェ
JCBデビット,2026-03-04,まいばすけっと,-138.0,食費,飲料
JCBデビット,2026-03-04,ファミリーマート　サンズ戸塚駅北,-140.0,食費,飲料
JCBデビット,2026-03-03,メルカリ,-1499.0,美容・衣類,コスメ
JCBデビット,2026-03-03,三和サクラス戸塚店,-211.0,食費,夕食
JCBデビット,2026-03-03,ケンタッキーフライドチキン,-270.0,食費,昼食
JCBデビット,2026-03-03,ダイドードリンコ　飲料自販機,-140.0,食費,飲料
JCBデビット,2026-03-03,ファミリーマート　平塚駅北口,-288.0,食費,間食
JCBデビット,2026-03-03,ＤＣＳ・平塚ユーユー駅前館店,-310.0,食費,カフェ
JCBデビット,2026-03-03,まいばすけっと,-212.0,食費,昼食
JCBデビット,2026-03-02,三和サクラス戸塚店,-825.0,食費,夕食
JCBデビット,2026-03-02,ダイソー,-110.0,消耗品,日用品
JCBデビット,2026-03-02,まいばすけっと,-837.0,食費,昼食
JCBデビット,2026-03-02,ファミリーマート　トツカーナ,-140.0,食費,飲料
JCBデビット,2026-03-02,横浜市営地下鉄　タッチ決済,-484.0,交通費,電車
現金,2026-03-02,ベックスコーヒー横浜駅南口店,-1750.0,食費,昼食
現金,2026-03-02,ベックスコーヒー横浜駅南口店,-390.0,食費,カフェ
現金,2026-03-02,ベックスコーヒー横浜駅南口店,390.0,食費,カフェ
JCBデビット,2026-03-01,メルカリ,-2500.0,美容・衣類,コスメ
JCBデビット,2026-03-01,三和サクラス戸塚店,-147.0,食費,夕食
JCBデビット,2026-03-01,業務スーパー　戸塚店,-614.0,食費,夕食
JCBデビット,2026-03-01,ヨークフーズ港南中央店,-212.0,食費,昼食
JCBデビット,2026-03-01,ファミリーマート　港南中央通,-236.0,食費,昼食
JCBデビット,2026-03-01,＊グ－グル　プレイ　アツプ,-100.0,その他,雑費
JCBデビット,2026-03-01,５倍塾受講生限定フォ－ラム,-3300.0,教養,習い事
JCBデビット,2026-03-01,５倍塾受講生限定フォ－ラム,-3000.0,教養,習い事
JCBデビット,2026-02-28,ローソン　トウキヨウテレポートエキマエ,-364.0,食費,夕食
JCBデビット,2026-02-28,アイハーブジャパンゴウドウガイシャ,-5246.0,食費,飲料
JCBデビット,2026-02-28,三和サクラス戸塚店,-492.0,食費,夕食
LIFEカード,2026-02-28,オプテージ利用料金,-3583.0,通信費,携帯電話
JCBデビット,2026-02-27,三和サクラス戸塚店,-470.0,食費,夕食
JCBデビット,2026-02-27,ファミリーマート　トツカーナ,-140.0,食費,飲料
JCBデビット,2026-02-27,まいばすけっと,-632.0,食費,昼食
JCBデビット,2026-02-27,ファミリーマート　トツカーナ,-130.0,食費,飲料
現金,2026-02-27,-,-120.0,食費,飲料
JCBデビット,2026-02-26,ファミリーマート　トツカーナ,-140.0,食費,飲料
JCBデビット,2026-02-26,赤から横浜西口店,-7128.0,交際費,飲食
JCBデビット,2026-02-26,まいばすけっと,-277.0,食費,昼食
JCBデビット,2026-02-26,ローソン西横浜駅前,-279.0,食費,昼食
JCBデビット,2026-02-26,ファミリーマート　相鉄横浜駅,-130.0,食費,飲料
JCBデビット,2026-02-25,三和サクラス戸塚店,-127.0,食費,夕食
JCBデビット,2026-02-25,八洋〔飲料自販機〕,-140.0,食費,飲料
JCBデビット,2026-02-25,ｈｏｌｌｏ　ＳＨＩＢＵＹＡ,-13200.0,美容・衣類,洋服
JCBデビット,2026-02-25,サンマルクカフェ　西鉄イン新宿店,-600.0,食費,夕食
JCBデビット,2026-02-25,まいばすけっと,-358.0,食費,昼食
JCBデビット,2026-02-25,さくらんぼ薬局,-1580.0,医療費,医薬品
JCBデビット,2026-02-25,井出整形外科内科クリニック,-610.0,医療費,診察
JCBデビット,2026-02-25,セブン－イレブン横浜戸塚矢部町北店,-1512.0,食費,昼食
LIFEカード,2026-02-25,Ｌｏｏｏｐでんき,-6237.0,水道光熱費,電気
LIFEカード,2026-02-25,ビツプスキントレ－ナ,-5970.0,教養,習い事
JCBデビット,2026-02-24,三和サクラス戸塚店,-555.0,食費,夕食
JCBデビット,2026-02-24,ＰＳビバレッジ〔飲料自販機〕,-110.0,食費,飲料
JCBデビット,2026-02-24,セブン－イレブン横浜旭区川島町店,-182.0,食費,飲料
JCBデビット,2026-02-24,ワタナベストアー　ビナワンフーズ海老名店,-396.0,交際費,贈答
JCBデビット,2026-02-24,ノジマ　マルイファミリー海老名店,-1780.0,消耗品,その他
JCBデビット,2026-02-24,ダイドードリンコ　飲料自販機,-140.0,食費,飲料
JCBデビット,2026-02-24,デイリーヤマザキ,-46.0,食費,飲料
JCBデビット,2026-02-24,横浜市営地下鉄　タッチ決済,-544.0,交通費,電車
JCBデビット,2026-02-23,三和サクラス戸塚店,-276.0,食費,夕食
JCBデビット,2026-02-23,バーガーキング,-230.0,食費,昼食
JCBデビット,2026-02-23,４４　ａｐａｒｔｍｅｎｔ　海老名／ＳＢ,-3256.0,交際費,飲食
JCBデビット,2026-02-23,ファミリーマート　サンズ戸塚駅北,-140.0,食費,飲料
JCBデビット,2026-02-23,横浜市営地下鉄　タッチ決済,-484.0,交通費,電車
JCBデビット,2026-02-22,三和サクラス戸塚店,-555.0,食費,夕食
JCBデビット,2026-02-22,セリア２３０７サクラス戸塚店,-110.0,消耗品,日用品
JCBデビット,2026-02-22,業務スーパー　戸塚店,-532.0,食費,夕食
JCBデビット,2026-02-22,ファミリーマート　港南中央通,-246.0,食費,昼食
JCBデビット,2026-02-22,株式会社ウィズ,-1100.0,交際費,その他
JCBデビット,2026-02-22,横浜市営地下鉄　タッチ決済,-484.0,交通費,電車
JCBデビット,2026-02-21,ＮｅｗＤａｙｓ／ＫＩＯＳＫ,-151.0,食費,飲料
JCBデビット,2026-02-21,フード＆タイム　イセタン　ヨコハマ,-2750.0,交際費,飲食
JCBデビット,2026-02-21,ヨークフーズ港南中央店,-393.0,食費,昼食
JCBデビット,2026-02-21,ファミリーマート　港南中央通,-140.0,食費,飲料
JCBデビット,2026-02-21,ヨークフーズ港南中央店,-418.0,食費,昼食
JCBデビット,2026-02-21,ケンタッキーフライドチキン,-270.0,食費,昼食
JCBデビット,2026-02-20,メルカリ,-6800.0,美容・衣類,コスメ
JCBデビット,2026-02-20,三和サクラス戸塚店,-239.0,食費,夕食
JCBデビット,2026-02-20,１２７８マツモトキヨシトツカーナモール店,-1650.0,消耗品,生活用品
JCBデビット,2026-02-20,ＳＱ＊ＰＣクリニック,-2200.0,立替・資金移動,精算
JCBデビット,2026-02-20,ファミリーマート　都筑富士見が丘,-32.0,食費,飲料
JCBデビット,2026-02-20,ダイドードリンコ　飲料自販機,-120.0,食費,飲料
JCBデビット,2026-02-20,ダイドードリンコ　飲料自販機,-110.0,食費,飲料
JCBデビット,2026-02-20,ららぽーと横浜,-390.0,食費,カフェ
JCBデビット,2026-02-20,まいばすけっと,-105.0,食費,飲料
JCBデビット,2026-02-19,三和サクラス戸塚店,-430.0,食費,夕食
JCBデビット,2026-02-19,サーティワンアイスクリーム,-420.0,交際費,飲食
JCBデビット,2026-02-19,マルエツ　四季の森フォレオ,-740.0,食費,昼食
JCBデビット,2026-02-19,青少年センター駐車場,-1200.0,立替・資金移動,精算
JCBデビット,2026-02-18,セブン－イレブン小田急小田原店,-1680.0,交際費,贈答
JCBデビット,2026-02-18,一〇八抹茶茶廊,-400.0,食費,カフェ
JCBデビット,2026-02-18,ＮｅｗＤａｙｓ／ＫＩＯＳＫ,-150.0,食費,飲料
JCBデビット,2026-02-18,ＮｅｗＤａｙｓ／ＫＩＯＳＫ,-183.0,食費,飲料
JCBデビット,2026-02-18,ＪＲ　東日本,-9680.0,立替・資金移動,精算
JCBデビット,2026-02-17,ローソン横浜ポルタ,-192.0,食費,飲料
JCBデビット,2026-02-17,横浜ベイクォーター,-2660.0,交際費,飲食
JCBデビット,2026-02-17,Ｓｕｉｃａ〔携帯決済〕,-10000.0,立替・資金移動,精算
JCBデビット,2026-02-17,Ｓｕｉｃａ［携帯決済］,-11890.0,立替・資金移動,精算
JCBデビット,2026-02-17,ローソン寒川岡田,-175.0,食費,飲料
JCBデビット,2026-02-17,ローソン寒川岡田,-185.0,食費,飲料
JCBデビット,2026-02-16,さくらんぼ薬局,-1010.0,医療費,医薬品
JCBデビット,2026-02-16,まいばすけっと,-299.0,食費,昼食
JCBデビット,2026-02-16,井出整形外科内科クリニック,-590.0,医療費,診察
JCBデビット,2026-02-16,ラゾーナ川崎プラザ,-1595.0,交際費,飲食
JCBデビット,2026-02-16,ナチュラルローソン川崎フロンティアビル,-181.0,食費,飲料
JCBデビット,2026-02-16,ナチュラルローソン川崎フロンティアビル,-452.0,食費,昼食
JCBデビット,2026-02-16,まいばすけっと,-105.0,食費,飲料
JCBデビット,2026-02-16,横浜市営地下鉄　タッチ決済,-484.0,交通費,電車
JCBデビット,2026-02-15,メルカリ,-1580.0,美容・衣類,コスメ
JCBデビット,2026-02-15,三和サクラス戸塚店,-287.0,食費,夕食
JCBデビット,2026-02-15,アエナサクラス戸塚店,-1401.0,美容・衣類,コスメ
JCBデビット,2026-02-15,ファミリーマート　港南中央通,-447.0,食費,昼食
JCBデビット,2026-02-15,サンマルクカフェ　戸塚店,-370.0,食費,カフェ
JCBデビット,2026-02-14,ＡＰＰＬＥ．ＣＯＭ／ＢＩＬＬ,-800.0,通信費,アプリ
JCBデビット,2026-02-14,ファミリーマート　サンズ戸塚駅北,-200.0,食費,飲料
JCBデビット,2026-02-13,三和サクラス戸塚店,-415.0,食費,夕食
JCBデビット,2026-02-13,ツルハドラッグ,-963.0,消耗品,日用品
JCBデビット,2026-02-13,戸塚モディ,-550.0,消耗品,日用品
JCBデビット,2026-02-13,ファミリーマート　京急川崎駅前,-46.0,食費,飲料
JCBデビット,2026-02-13,ナチュラルローソン川崎フロンティアビル,-505.0,食費,昼食
JCBデビット,2026-02-13,横浜市営地下鉄　タッチ決済,-420.0,交通費,電車
現金,2026-02-13,ミスタードーナツ 戸塚西口ショップ,-176.0,食費,朝食
現金,2026-02-13,ミスタードーナツ 戸塚西口ショップ,-265.0,食費,朝食
JCBデビット,2026-02-12,三和サクラス戸塚店,-548.0,食費,夕食
JCBデビット,2026-02-12,アサヒ飲料販売　飲料自販機,-160.0,食費,飲料
JCBデビット,2026-02-12,ファミリーマート　横浜舞岡町,-182.0,食費,飲料
JCBデビット,2026-02-12,東急ストア,-462.0,食費,昼食
JCBデビット,2026-02-12,東京キリン,-140.0,食費,飲料
JCBデビット,2026-02-12,セリア２３０７サクラス戸塚店,-110.0,消耗品,日用品
JCBデビット,2026-02-11,三和サクラス戸塚店,-110.0,食費,夕食
JCBデビット,2026-02-11,セリア２３０７サクラス戸塚店,-110.0,消耗品,日用品
JCBデビット,2026-02-11,ＬＡＢＩ藤沢,-2178.0,消耗品,その他
JCBデビット,2026-02-11,釜めし菜時記　さき亭／ＳＢ,-4790.0,交際費,飲食
JCBデビット,2026-02-11,新江ノ島水族館　オーシャンバー,-660.0,交際費,飲食
JCBデビット,2026-02-11,ＮｅｗＤａｙｓ／ＫＩＯＳＫ,-273.0,食費,昼食
現金,2026-02-11,-,-1220.0,食費,昼食
JCBデビット,2026-02-10,三和サクラス戸塚店,-809.0,食費,夕食
JCBデビット,2026-02-10,業務スーパー　戸塚店,-992.0,食費,夕食
JCBデビット,2026-02-10,ケンタッキーフライドチキン,-270.0,食費,昼食
JCBデビット,2026-02-10,まいばすけっと,-105.0,食費,飲料
JCBデビット,2026-02-10,ＤＣＳ・ＥｎｅＪｅｔ狩場インター店,-610.0,食費,カフェ
JCBデビット,2026-02-10,ミニストップ,-54.0,食費,飲料
JCBデビット,2026-02-10,ミニストップ,-108.0,食費,飲料
JCBデビット,2026-02-10,ファミリーマート　横浜天王町,-27.0,食費,飲料
JCBデビット,2026-02-09,コンパス薬局横浜西,-1070.0,医療費,医薬品
JCBデビット,2026-02-09,サミット,-575.0,食費,夕食
JCBデビット,2026-02-09,まいばすけっと,-371.0,食費,昼食
LIFEカード,2026-02-09,エフビツト　ガス,-3132.0,水道光熱費,ガス
JCBデビット,2026-02-08,三和サクラス戸塚店,-440.0,食費,夕食
JCBデビット,2026-02-08,まいばすけっと,-427.0,食費,昼食
JCBデビット,2026-02-08,アエナサクラス戸塚店,-291.0,食費,夕食
JCBデビット,2026-02-08,サンマルクカフェ　戸塚店,-460.0,食費,カフェ
JCBデビット,2026-02-08,横浜市営地下鉄　タッチ決済,-420.0,交通費,電車
JCBデビット,2026-02-07,セリア２３０７サクラス戸塚店,-220.0,消耗品,日用品
JCBデビット,2026-02-07,三和サクラス戸塚店,-264.0,食費,夕食
JCBデビット,2026-02-07,アサヒ飲料販売　飲料自販機,-170.0,食費,飲料
JCBデビット,2026-02-07,ファミリーマート　地下鉄戸塚駅,-150.0,食費,飲料
JCBデビット,2026-02-07,東急ストア,-289.0,食費,昼食
JCBデビット,2026-02-07,ローソン戸塚駅西口,-100.0,食費,飲料
JCBデビット,2026-02-07,カフェジュニア戸塚駅西口店,-460.0,食費,カフェ
JCBデビット,2026-02-06,三和サクラス戸塚店,-803.0,食費,夕食
JCBデビット,2026-02-06,ファミリーマート　地下鉄戸塚駅,-150.0,食費,飲料
JCBデビット,2026-02-06,まいばすけっと,-835.0,食費,昼食
JCBデビット,2026-02-05,三和サクラス戸塚店,-528.0,食費,夕食
JCBデビット,2026-02-05,アエナサクラス戸塚店,-510.0,食費,夕食
JCBデビット,2026-02-05,ファミリーマート　地下鉄戸塚駅,-130.0,食費,飲料
JCBデビット,2026-02-05,まいばすけっと,-349.0,食費,昼食
JCBデビット,2026-02-04,株式会社ウィズ,-4160.0,交際費,その他
JCBデビット,2026-02-04,三和サクラス戸塚店,-311.0,食費,夕食
JCBデビット,2026-02-04,２２１３ハックドラッグサクラス戸塚店,-620.0,消耗品,日用品
JCBデビット,2026-02-04,ＤＣＳ・茅ヶ崎南口店,-590.0,食費,カフェ
JCBデビット,2026-02-04,メルカリ,-5800.0,美容・衣類,コスメ
現金,2026-02-04,ミスタードーナツ茅ケ崎北口ショップ,-176.0,食費,朝食
現金,2026-02-04,ミスタードーナツ茅ケ崎北口ショップ,-265.0,食費,朝食
JCBデビット,2026-02-03,２２１３ハックドラッグサクラス戸塚店,-1020.0,消耗品,日用品
JCBデビット,2026-02-03,セリア２３０７サクラス戸塚店,-220.0,消耗品,日用品
JCBデビット,2026-02-03,業務スーパー　戸塚店,-919.0,食費,夕食
JCBデビット,2026-02-03,まいばすけっと,-150.0,食費,飲料
JCBデビット,2026-02-03,まいばすけっと,-349.0,食費,昼食
JCBデビット,2026-02-02,三和サクラス戸塚店,-652.0,食費,夕食
JCBデビット,2026-02-02,まいばすけっと,-330.0,食費,昼食
JCBデビット,2026-02-02,まいばすけっと,-349.0,食費,昼食
JCBデビット,2026-02-02,横浜市営地下鉄　タッチ決済,-484.0,交通費,電車
LIFEカード,2026-02-02,ライトコ－ポレ－シヨンケツサイサ,-9900.0,教養,習い事
JCBデビット,2026-02-01,三和サクラス戸塚店,-62.0,食費,夕食
JCBデビット,2026-02-01,ヨークフーズ港南中央店,-436.0,食費,昼食
JCBデビット,2026-02-01,メルカリ,-1999.0,美容・衣類,コスメ
JCBデビット,2026-02-01,ファミリーマート　港南中央通,-364.0,食費,昼食
JCBデビット,2026-02-01,ヨークフーズ港南中央店,-361.0,食費,昼食
JCBデビット,2026-02-01,５倍塾受講生限定フォ－ラム,-3300.0,教養,習い事
JCBデビット,2026-02-01,５倍塾受講生限定フォ－ラム,-3000.0,教養,習い事
JCBデビット,2026-01-31,三和サクラス戸塚店,-531.0,食費,夕食
JCBデビット,2026-01-31,まいばすけっと,-569.0,食費,昼食
JCBデビット,2026-01-31,ファミリーマート　相鉄横浜駅,-299.0,食費,昼食
LIFEカード,2026-01-31,オプテージ利用料金,-2906.0,通信費,携帯電話
JCBデビット,2026-01-30,三和サクラス戸塚店,-275.0,食費,夕食
JCBデビット,2026-01-30,まいばすけっと,-589.0,食費,昼食
JCBデビット,2026-01-29,２２１３ハックドラッグサクラス戸塚店,-577.0,消耗品,日用品
JCBデビット,2026-01-29,シァル横浜,-2275.0,交際費,飲食
JCBデビット,2026-01-29,ポルタ,-769.0,交際費,飲食
JCBデビット,2026-01-29,ポルタ,-1701.0,交際費,飲食
JCBデビット,2026-01-29,さくらんぼ薬局,-890.0,医療費,医薬品
JCBデビット,2026-01-29,Ａｍａｚｏｎ　Ｍａｒｋｅｔ　Ｐｌａｃｅ,-6395.0,食費,夕食
JCBデビット,2026-01-29,まいばすけっと,-258.0,食費,昼食
JCBデビット,2026-01-28,三和サクラス戸塚店,-211.0,食費,夕食
JCBデビット,2026-01-28,ケンタッキーフライドチキン,-270.0,食費,昼食
JCBデビット,2026-01-28,Ｓｕｉｃａ〔携帯決済〕,-10000.0,立替・資金移動,精算
JCBデビット,2026-01-28,ダイドードリンコ　飲料自販機,-130.0,食費,飲料
JCBデビット,2026-01-28,ラスカ平塚,-480.0,食費,カフェ
JCBデビット,2026-01-28,ＪＲ東日本エキナカ自販機　ａｃｕｒｅ,-120.0,食費,飲料
JCBデビット,2026-01-28,まいばすけっと,-462.0,食費,昼食
JCBデビット,2026-01-28,ダイドードリンコ　飲料自販機,-110.0,食費,飲料
JCBデビット,2026-01-27,クリエイトエス・ディー,-360.0,消耗品,日用品
JCBデビット,2026-01-27,スターバックスコーヒー,-480.0,食費,カフェ
LIFEカード,2026-01-27,Ｌｏｏｏｐでんき,-6710.0,水道光熱費,電気
JCBデビット,2026-01-26,三和サクラス戸塚店,-429.0,食費,夕食
JCBデビット,2026-01-26,業務スーパー　戸塚店,-1581.0,食費,夕食
JCBデビット,2026-01-26,ファミリーマート　相鉄横浜駅,-150.0,食費,飲料
JCBデビット,2026-01-26,まいばすけっと,-278.0,食費,昼食
JCBデビット,2026-01-26,まいばすけっと,-806.0,食費,昼食
JCBデビット,2026-01-25,三和サクラス戸塚店,-859.0,食費,夕食
JCBデビット,2026-01-25,無印良品,-1790.0,消耗品,生活用品
JCBデビット,2026-01-25,戸塚モディ,-548.0,消耗品,日用品
JCBデビット,2026-01-25,ＳｗｉｔｃｈＢｏｔ株式会社,-7633.0,消耗品,その他
JCBデビット,2026-01-25,ＤＣＳ・藤沢北口駅前店,-280.0,食費,カフェ
JCBデビット,2026-01-25,ＳＱ＊ｇｒａｎｏ,-6180.0,交際費,飲食
JCBデビット,2026-01-25,横浜市営地下鉄　タッチ決済,-484.0,交通費,電車
LIFEカード,2026-01-25,ビツプスキントレ－ナ,-5970.0,教養,習い事
JCBデビット,2026-01-24,バーガーキング,-460.0,食費,昼食
JCBデビット,2026-01-24,万豚記,-2640.0,交際費,飲食
JCBデビット,2026-01-24,ヨークフーズ港南中央店,-150.0,食費,飲料
JCBデビット,2026-01-24,ファミリーマート　港南中央通,-182.0,食費,飲料
JCBデビット,2026-01-24,ケンタッキーフライドチキン,-550.0,食費,昼食
JCBデビット,2026-01-23,三和サクラス戸塚店,-375.0,食費,夕食
JCBデビット,2026-01-23,まいばすけっと,-135.0,食費,飲料
JCBデビット,2026-01-23,ＳＱ＊ｈｏｌｌｏ,-6000.0,美容・衣類,美容院
現金,2026-01-23,ミスタードーナツ 戸塚西口ショップ,-176.0,食費,朝食
現金,2026-01-23,ミスタードーナツ 戸塚西口ショップ,-265.0,食費,朝食
現金,2026-01-23,ミスタードーナツ中山ショップ,-176.0,食費,カフェ
現金,2026-01-23,ミスタードーナツ中山ショップ,-363.0,食費,カフェ
JCBデビット,2026-01-22,業務スーパー　戸塚店,-321.0,食費,夕食
JCBデビット,2026-01-22,まいばすけっと,-160.0,食費,飲料
JCBデビット,2026-01-22,ラスカ茅ヶ崎,-1100.0,消耗品,その他
JCBデビット,2026-01-22,セブン－イレブン茅ヶ崎今宿東店,-108.0,食費,飲料
JCBデビット,2026-01-22,スーパーマルヤマ　藤棚店,-186.0,食費,飲料
現金,2026-01-22,キッチンオリジン 藤棚店,-499.0,食費,昼食
現金,2026-01-22,キッチンオリジン 藤棚店,-39.0,食費,飲料
JCBデビット,2026-01-21,三和サクラス戸塚店,-211.0,食費,夕食
JCBデビット,2026-01-21,業務スーパー　戸塚店,-630.0,食費,夕食
JCBデビット,2026-01-21,まいばすけっと,-160.0,食費,飲料
JCBデビット,2026-01-21,スギ薬局西新宿医大前店,-261.0,消耗品,生活用品
JCBデビット,2026-01-21,メルカリ,-500.0,美容・衣類,コスメ
JCBデビット,2026-01-21,メルカリ,-2250.0,美容・衣類,コスメ
JCBデビット,2026-01-21,まいばすけっと,-622.0,食費,昼食
現金,2026-01-21,ベックスコーヒー横浜北口店,-500.0,食費,昼食
現金,2026-01-21,ベックスコーヒー横浜北口店,390.0,食費,昼食
JCBデビット,2026-01-20,東急ストア,-105.0,食費,飲料
JCBデビット,2026-01-20,まいばすけっと,-579.0,食費,昼食
JCBデビット,2026-01-20,ＤＣＳ・海老名ビナウォーク店,-300.0,食費,カフェ
JCBデビット,2026-01-20,デイリーヤマザキ,-524.0,食費,昼食
JCBデビット,2026-01-20,デイリーヤマザキ,-182.0,食費,飲料
JCBデビット,2026-01-19,三和サクラス戸塚店,-457.0,食費,夕食
JCBデビット,2026-01-19,アエナサクラス戸塚店,-2967.0,食費,夕食
JCBデビット,2026-01-19,無印良品,-299.0,消耗品,生活用品
JCBデビット,2026-01-19,ココカラファイン,-741.0,消耗品,日用品
JCBデビット,2026-01-19,バーガーキング,-840.0,食費,昼食
JCBデビット,2026-01-19,まいばすけっと,-150.0,食費,飲料
JCBデビット,2026-01-18,サミット,-579.0,食費,夕食
JCBデビット,2026-01-18,セリア２３０７サクラス戸塚店,-110.0,消耗品,日用品
JCBデビット,2026-01-18,東急ストア,-591.0,食費,昼食
JCBデビット,2026-01-18,戸塚モディ,-438.0,消耗品,日用品
JCBデビット,2026-01-18,サンマルクカフェ　戸塚店,-370.0,食費,カフェ
JCBデビット,2026-01-17,ファミリーマート　サンズ戸塚駅北,-478.0,食費,昼食
JCBデビット,2026-01-17,セリア２３０７サクラス戸塚店,-220.0,消耗品,日用品
JCBデビット,2026-01-17,三和サクラス戸塚店,-738.0,食費,夕食
JCBデビット,2026-01-16,三和サクラス戸塚店,-492.0,食費,夕食
JCBデビット,2026-01-16,業務スーパー　戸塚店,-537.0,食費,夕食
JCBデビット,2026-01-16,東急ストア,-105.0,食費,飲料
JCBデビット,2026-01-16,Ｓｕｉｃａ〔携帯決済〕,-10000.0,立替・資金移動,精算
JCBデビット,2026-01-16,ナチュラルローソン川崎フロンティアビル,-258.0,食費,昼食
JCBデビット,2026-01-16,ユカ飲料自販機,-110.0,食費,飲料
現金,2026-01-16,ミスタードーナツ茅ケ崎北口ショップ,-176.0,食費,朝食
現金,2026-01-16,ミスタードーナツ茅ケ崎北口ショップ,-265.0,食費,朝食
LIFEカード,2026-01-12,ライトコ－ポレ－シヨンケツサイサ,-5500.0,教養,習い事
LIFEカード,2026-01-10,ＵＤＥＭＹ＋９０５３２６２５３８８０,-3900.0,教養,習い事
LIFEカード,2026-01-09,エフビツト　ガス,-2177.0,水道光熱費,ガス
LIFEカード,2026-01-06,ゾゾタウン,-5020.0,美容・衣類,洋服
LIFEカード,2026-01-03,ｉｎｓｔａｂａｓｅ,-743.0,教養,会場
LIFEカード,2026-01-02,ｉｎｓｔａｂａｓｅ,-1568.0,教養,会場
LIFEカード,2026-01-01,ｉｎｓｔａｂａｓｅ,-990.0,教養,会場
LIFEカード,2026-01-01,三井のカーシェアーズ,-2530.0,交通費,その他
LIFEカード,2025-12-31,オプテージ利用料金,-2527.0,通信費,携帯電話
LIFEカード,2025-12-29,ｉｎｓｔａｂａｓｅ,-1287.0,教養,会場
LIFEカード,2025-12-25,ビツプスキントレ－ナ,-5970.0,教養,習い事
LIFEカード,2025-12-24,Ｌｏｏｏｐでんき,-5823.0,水道光熱費,電気
LIFEカード,2025-12-09,ＵＤＥＭＹ＋９０５３２６２５３８８０,-9300.0,教養,習い事
LIFEカード,2025-12-08,エフビツト　ガス,-1860.0,水道光熱費,ガス
LIFEカード,2025-11-30,オプテージ利用料金,-2640.0,通信費,携帯電話
LIFEカード,2025-07-25,１Ｄａｙセミナー,-78500.0,教養,習い事
JCBデビット,2025-06-15,三和サクラス戸塚店,-374.0,食費,夕食
JCBデビット,2025-06-15,ダイソー,-218.0,消耗品,日用品
JCBデビット,2025-06-15,ドトールコーヒー,-720.0,食費,カフェ
JCBデビット,2025-06-15,横浜市営地下鉄　タッチ決済,-484.0,交通費,電車
JCBデビット,2025-06-15,ＮｅｗＤａｙｓ／ＫＩＯＳＫ,-156.0,食費,飲料
JCBデビット,2025-06-15,ドトールコーヒー,-280.0,食費,カフェ
JCBデビット,2025-06-14,アエナサクラス戸塚店,-2358.0,美容・衣類,コスメ
JCBデビット,2025-06-14,ＮｅｗＤａｙｓ／ＫＩＯＳＫ,-156.0,食費,飲料
JCBデビット,2025-06-14,東急ストア,-645.0,食費,昼食
JCBデビット,2025-06-14,サンマルクカフェ　戸塚店,-320.0,食費,カフェ
JCBデビット,2025-06-13,三和サクラス戸塚店,-181.0,食費,夕食
JCBデビット,2025-06-13,ＮｅｗＤａｙｓ／ＫＩＯＳＫ,-150.0,食費,飲料
JCBデビット,2025-06-13,ベローチェ鴨居店,-470.0,食費,カフェ
JCBデビット,2025-06-13,ＮｅｗＤａｙｓ／ＫＩＯＳＫ,-156.0,食費,飲料
JCBデビット,2025-06-13,メルカリ,-799.0,美容・衣類,コスメ
JCBデビット,2025-06-12,スクエア・マスター・シークレッツ,-16280.0,教養,習い事
JCBデビット,2025-06-12,１２７８マツモトキヨシトツカーナモール店,-1650.0,消耗品,生活用品
JCBデビット,2025-06-12,ローソン西横浜駅前,-149.0,食費,飲料
JCBデビット,2025-06-12,ドラッグストアスマイル藤棚店,-163.0,食費,飲料
JCBデビット,2025-06-12,横浜市営地下鉄　タッチ決済,-272.0,交通費,電車
JCBデビット,2025-06-12,まいばすけっと,-84.0,食費,飲料
JCBデビット,2025-06-12,ローソン西横浜駅前,-300.0,食費,昼食
JCBデビット,2025-06-12,ＮｅｗＤａｙｓ／ＫＩＯＳＫ,-156.0,食費,飲料
JCBデビット,2025-06-11,業務スーパー　戸塚店,-1009.0,食費,夕食
JCBデビット,2025-06-11,エムズ歯科クリニック弘明寺,-99000.0,医療費,診察
JCBデビット,2025-06-11,まいばすけっと,-407.0,食費,昼食
JCBデビット,2025-06-10,三和サクラス戸塚店,-669.0,食費,夕食
JCBデビット,2025-06-10,ＮｅｗＤａｙｓ／ＫＩＯＳＫ,-156.0,食費,飲料
JCBデビット,2025-06-10,セブン－イレブン横浜石川町２丁目店,-126.0,食費,飲料
JCBデビット,2025-06-10,ＮｅｗＤａｙｓ／ＫＩＯＳＫ,-330.0,食費,昼食
JCBデビット,2025-06-09,ハンズ　横浜店,-220.0,消耗品,生活用品
JCBデビット,2025-06-09,まいばすけっと,-210.0,食費,昼食
JCBデビット,2025-06-09,マルエツ　天王町,-299.0,食費,昼食
JCBデビット,2025-06-09,５倍塾受講生限定フォ－ラム,-35200.0,教養,習い事
JCBデビット,2025-06-09,モスバーガー,-360.0,食費,カフェ
JCBデビット,2025-06-09,東急電鉄（株）　タッチ決済,-290.0,交通費,電車
JCBデビット,2025-06-09,Ｓｕｉｃａ［携帯決済］,-11890.0,立替・資金移動,精算
JCBデビット,2025-06-09,株式会社オミアイ,-3900.0,教養,会場
JCBデビット,2025-06-08,東急ストア,-179.0,食費,飲料
JCBデビット,2025-06-08,カフェ　ラ・ボエム　自由が丘,-6094.0,交際費,飲食
JCBデビット,2025-06-08,ドトールコーヒー,-530.0,食費,カフェ
JCBデビット,2025-06-08,セリア２３０７サクラス戸塚店,-110.0,消耗品,日用品
JCBデビット,2025-06-08,三和サクラス戸塚店,-440.0,食費,夕食
JCBデビット,2025-06-08,２２１３ハックドラッグサクラス戸塚店,-327.0,消耗品,日用品
JCBデビット,2025-06-08,東急ストア,-378.0,食費,昼食
JCBデビット,2025-06-08,横浜市営地下鉄　タッチ決済,-484.0,交通費,電車
JCBデビット,2025-06-07,＊ゲオアレコレレンタル,-6380.0,消耗品,その他
JCBデビット,2025-06-07,ヨークフーズ港南中央店,-479.0,食費,昼食
JCBデビット,2025-06-07,ＮｅｗＤａｙｓ／ＫＩＯＳＫ,-156.0,食費,飲料
JCBデビット,2025-06-07,メルカリ,-680.0,美容・衣類,コスメ
JCBデビット,2025-06-07,サンマルクカフェ　戸塚店,-320.0,食費,カフェ
JCBデビット,2025-06-06,三和サクラス戸塚店,-118.0,食費,夕食
JCBデビット,2025-06-06,スターバックスコーヒー,-480.0,食費,カフェ
JCBデビット,2025-06-06,ローソン横浜下川井町,-278.0,食費,間食
JCBデビット,2025-06-06,まいばすけっと,-719.0,食費,昼食
JCBデビット,2025-06-06,ＡＩＡＩＣＡＦＥ／Ａｉｒ,-430.0,食費,カフェ
JCBデビット,2025-06-06,メルカリ,-1800.0,美容・衣類,コスメ
JCBデビット,2025-06-06,メルカリ,-800.0,美容・衣類,コスメ
JCBデビット,2025-06-06,メルカリ,-2200.0,美容・衣類,コスメ
JCBデビット,2025-06-06,カフェジュニア戸塚駅西口店,-390.0,食費,カフェ
JCBデビット,2025-06-05,業務スーパー　戸塚店,-2314.0,食費,夕食
JCBデビット,2025-06-05,ＮｅｗＤａｙｓ／ＫＩＯＳＫ,-156.0,食費,飲料
JCBデビット,2025-06-05,Ａｍａｚｏｎ　Ｍａｒｋｅｔ　Ｐｌａｃｅ,-490.0,食費,夕食
JCBデビット,2025-06-05,ラクマ,-1567.0,消耗品,その他
JCBデビット,2025-06-04,三和サクラス戸塚店,-483.0,食費,夕食
JCBデビット,2025-06-04,セリア２３０７サクラス戸塚店,-440.0,消耗品,日用品
JCBデビット,2025-06-04,セブン－イレブン横浜戸塚旭町通り店,-127.0,食費,飲料
JCBデビット,2025-06-04,まいばすけっと,-353.0,食費,昼食
JCBデビット,2025-06-04,ローソン西横浜駅前,-354.0,食費,昼食
JCBデビット,2025-06-03,まいばすけっと,-31.0,食費,飲料
JCBデビット,2025-06-03,セブン－イレブン横浜戸塚旭町通り店,-149.0,食費,飲料
JCBデビット,2025-06-03,ダイソー,-440.0,消耗品,日用品
JCBデビット,2025-06-03,まいばすけっと,-150.0,食費,飲料
JCBデビット,2025-06-03,まいばすけっと,-730.0,食費,昼食
JCBデビット,2025-06-02,三和サクラス戸塚店,-192.0,食費,夕食
JCBデビット,2025-06-02,まいばすけっと,-105.0,食費,飲料
JCBデビット,2025-06-02,まいばすけっと,-104.0,食費,飲料
JCBデビット,2025-06-02,ふじだな接骨院／Ａｉｒ,-1080.0,医療費,診察
JCBデビット,2025-06-02,まいばすけっと,-429.0,食費,昼食
JCBデビット,2025-06-01,Ａｍａｚｏｎ　Ｍａｒｋｅｔ　Ｐｌａｃｅ,-919.0,食費,夕食
JCBデビット,2025-06-01,＊ゴバイジユクジユコウセイゲンテイフオ－ラム,-11.0,教養,習い事
JCBデビット,2025-06-01,三和サクラス戸塚店,-555.0,食費,夕食
JCBデビット,2025-06-01,アエナサクラス戸塚店,-160.0,食費,夕食
JCBデビット,2025-06-01,サンマルクカフェ　新宿新南口店,-590.0,食費,夕食
JCBデビット,2025-06-01,Ｃａｆｆｉｃｅ,-4015.0,交際費,飲食
JCBデビット,2025-05-31,三和サクラス戸塚店,-397.0,食費,夕食
JCBデビット,2025-05-31,まいばすけっと,-106.0,食費,飲料
JCBデビット,2025-05-31,横浜市営地下鉄　タッチ決済,-484.0,交通費,電車
JCBデビット,2025-05-31,まいばすけっと,-245.0,食費,昼食
JCBデビット,2025-05-30,セリア２３０７サクラス戸塚店,-110.0,消耗品,日用品
JCBデビット,2025-05-30,業務スーパー　戸塚店,-1689.0,食費,夕食
JCBデビット,2025-05-30,ファミリーマート　港南中央通,-130.0,食費,飲料
JCBデビット,2025-05-30,ダイソー,-110.0,消耗品,日用品
JCBデビット,2025-05-30,三和サクラス戸塚店,-522.0,食費,夕食
JCBデビット,2025-05-30,２２１３ハックドラッグサクラス戸塚店,-657.0,消耗品,日用品
JCBデビット,2025-05-29,バーガーキング,-230.0,食費,昼食
JCBデビット,2025-05-29,まいばすけっと,-105.0,食費,飲料
JCBデビット,2025-05-29,Ｓｕｉｃａ〔携帯決済〕,-10000.0,立替・資金移動,精算
JCBデビット,2025-05-28,三和サクラス戸塚店,-545.0,食費,夕食
JCBデビット,2025-05-28,ふじだな接骨院／Ａｉｒ,-970.0,医療費,診察
JCBデビット,2025-05-28,まいばすけっと,-535.0,食費,昼食
JCBデビット,2025-05-27,ローソン旭本村町,-487.0,食費,夕食
JCBデビット,2025-05-27,ＤＣＳ・ＥｎｅＪｅｔ狩場インター店,-430.0,食費,カフェ
JCBデビット,2025-05-27,まいばすけっと,-871.0,食費,昼食
JCBデビット,2025-05-26,アエナサクラス戸塚店,-85.0,食費,夕食
JCBデビット,2025-05-26,スターバックス　モバイルオーダー,-520.0,食費,カフェ
JCBデビット,2025-05-26,ファミリーマート　寒川倉見東,-100.0,食費,飲料
JCBデビット,2025-05-26,ＮｅｗＤａｙｓ／ＫＩＯＳＫ,-325.0,食費,昼食
JCBデビット,2025-05-25,２２１３ハックドラッグサクラス戸塚店,-327.0,消耗品,日用品
JCBデビット,2025-05-25,アエナサクラス戸塚店,-170.0,食費,夕食
JCBデビット,2025-05-25,ファミリーマート　戸部駅東,-149.0,食費,飲料
JCBデビット,2025-05-25,食品館あおば　弘明寺店,-483.0,交際費,贈答
JCBデビット,2025-05-24,東急ストア,-138.0,食費,飲料
JCBデビット,2025-05-24,串家物語,-5940.0,交際費,飲食
JCBデビット,2025-05-24,ＴＯ　ＴＨＥ　ＨＥＲＢＳ渋谷店／Ａｉｒ,-1460.0,交際費,飲食
JCBデビット,2025-05-24,無印良品,-350.0,消耗品,生活用品
JCBデビット,2025-05-22,Ａｍａｚｏｎ　Ｍａｒｋｅｔ　Ｐｌａｃｅ,-5700.0,食費,夕食
JCBデビット,2025-05-22,＊スイカ　ケイタイケツサイ,-10000.0,立替・資金移動,精算
JCBデビット,2025-05-22,＊タリ－ズコ－ヒ－,-485.0,食費,カフェ
JCBデビット,2025-05-22,＊スイカ　ケイタイケツサイ,-5000.0,立替・資金移動,精算
JCBデビット,2025-05-22,＊ローソン,-132.0,食費,飲料
JCBデビット,2025-05-22,Ｈｅｒａｚｉｋａ,-980.0,教養,会場
JCBデビット,2025-05-21,＊サンワサクラストツカテン,-751.0,食費,昼食
JCBデビット,2025-05-21,＊ミニストツプ,-149.0,食費,飲料
JCBデビット,2025-05-21,ＳＱ＊ｈｏｌｌｏ,-6000.0,美容・衣類,美容院
JCBデビット,2025-05-21,サンマルクカフェ　西鉄イン新宿店,-460.0,食費,夕食
JCBデビット,2025-05-21,デイリーヤマザキ,-140.0,食費,飲料
JCBデビット,2025-05-21,デイリーヤマザキ,-615.0,食費,昼食
JCBデビット,2025-05-21,デイリーヤマザキ,-121.0,食費,飲料
JCBデビット,2025-05-21,＊メルカリ,-9999.0,美容・衣類,コスメ
JCBデビット,2025-05-21,＊スイカ　ケイタイケツサイ,-5000.0,立替・資金移動,精算
JCBデビット,2025-05-21,＊ニユ－デイズ　キオスク,-170.0,食費,飲料
JCBデビット,2025-05-20,三和サクラス戸塚店,-375.0,食費,夕食
JCBデビット,2025-05-20,まいばすけっと,-214.0,食費,昼食
JCBデビット,2025-05-20,ファミリーマート　中山駅南口,-118.0,食費,間食
JCBデビット,2025-05-20,アソビュー！,-5500.0,交際費,イベント
JCBデビット,2025-05-20,なか卯,-840.0,食費,昼食
JCBデビット,2025-05-20,ダイソー,-218.0,消耗品,日用品
JCBデビット,2025-05-19,業務スーパー　戸塚店,-515.0,食費,夕食
JCBデビット,2025-05-19,バーガーキング,-370.0,食費,昼食
JCBデビット,2025-05-19,バーガーキング,-600.0,食費,昼食
JCBデビット,2025-05-19,まいばすけっと,-105.0,食費,飲料
JCBデビット,2025-05-19,横浜市営地下鉄　タッチ決済,-484.0,交通費,電車
JCBデビット,2025-05-18,業務スーパー　戸塚店,-1707.0,食費,夕食
JCBデビット,2025-05-18,ファミリーマート　港南中央通,-266.0,食費,昼食
JCBデビット,2025-05-18,２２１３ハックドラッグサクラス戸塚店,-327.0,消耗品,日用品
JCBデビット,2025-05-18,三和サクラス戸塚店,-714.0,食費,夕食
JCBデビット,2025-05-18,ケンタッキーフライドチキン,-270.0,食費,昼食
JCBデビット,2025-05-18,横浜市営地下鉄　タッチ決済,-272.0,交通費,電車
JCBデビット,2025-05-17,ヤマト運輸株式会社,-1061.0,美容・衣類,洋服
JCBデビット,2025-05-17,三和サクラス戸塚店,-676.0,食費,夕食
JCBデビット,2025-05-17,まいばすけっと,-105.0,食費,飲料
JCBデビット,2025-05-17,株式会社ウィズ,-3960.0,交際費,その他
JCBデビット,2025-05-17,カフェジュニア戸塚駅西口店,-390.0,食費,カフェ
JCBデビット,2025-05-17,＊ヤマトウンユ,-1688.0,美容・衣類,洋服
JCBデビット,2025-05-16,三和サクラス戸塚店,-181.0,食費,夕食
JCBデビット,2025-05-16,Ｓｕｉｃａ〔携帯決済〕,-5000.0,立替・資金移動,精算
JCBデビット,2025-05-16,ファミリーマート　本厚木駅前,-312.0,食費,間食
JCBデビット,2025-05-16,ベローチェ厚木中町店,-950.0,食費,昼食
JCBデビット,2025-05-16,セブン－イレブン厚木恩名３丁目店,-108.0,食費,飲料
JCBデビット,2025-05-16,ドトールコーヒー,-280.0,食費,カフェ
