支払日,2026年08月03日
会員氏名,安田　英尭
カード名,ライフ・ＶＩＳＡカード

当月ご請求金額　合計（弁済金・分割支払金）,312193
当月ご請求金額　内訳
回数指定払い,312193
リボルビング,
カード保険料・カード年会費・ＥＴＣ年会費,
カード再発行手数料,
ＡＴＭ利用料,
前受金残高,

ご契約内容,ご利用可能枠,ご利用可能額
ご利用カード,180万,148万
ショッピング,180万,148万
うち割賦払い（リボ・分割・ボーナス払い）,160万,148万
キャッシング,10万,10万

明細No.,契約,回数,利用日,利用先,利用金額,ATM利用料,手数料,支払総額,支払回数/何回目,当月支払金額,支払残高
1502,ショッピング,1回,2026/07/05,メルカリ,110000,,0,110000,1回払,110000,110000
1501,ショッピング,1回,2026/06/29,メルカリ,192679,,0,192679,1回払,192679,192679
1500,ショッピング,1回,2026/06/25,Ｌｏｏｏｐでんき,4278,,0,4278,1回払,4278,4278
1498,ショッピング,1回,2026/06/09,エフビツト　ガス,2524,,0,2524,1回払,2524,2524
1499,ショッピング,1回,2026/05/31,オプテージ利用料金,2712,,0,2712,1回払,2712,2712

回数指定払　お支払（分割支払金）内訳表
明細No.,お支払総額,ご利用金額,手数料,お支払回数,初回お支払総額,月額お支払金額,最終お支払年月日,ボーナスお支払月,ボーナスお支払金額,ボーナスお支払月,ボーナスお支払金額

リボルビング払いお支払（弁済金）内訳表
,ショッピング,キャッシング,合計
前月繰越残高,0,0,0
新規ご利用金額,0,0,0
ご利用残高合計,0,0,0

お支払金額,0,0,0
内　お支払元本,0,0,0
内　お支払手数料・利息,0,0,0
翌月以降お支払残高,0,0,0
