支払手段,取引先名称,科目,細目
LIFEカード,メルカリ,消耗品,日用品
みずほ口座,ＪＣＢデビット,立替・資金移動,カード引落
みずほ口座,ライフカード,立替・資金移動,カード引落
JCBデビット,スシロー,交際費,飲食
JCBデビット,ユニクロ,消耗品,その他
JCBデビット,ノート,教養,習い事
JCBデビット,ケンタッキーフライドチキン,食費,昼食
JCBデビット,ダイドードリンコ　飲料自販機,食費,飲料
JCBデビット,ＷＦＫ　平塚店,食費,昼食
JCBデビット,さくらんぼ薬局,医療費,医薬品
JCBデビット,大地宅配,食費,夕食
JCBデビット,三和サクラス戸塚店,食費,夕食
JCBデビット,ダイソー,消耗品,日用品
JCBデビット,ローソン寒川岡田,食費,飲料
JCBデビット,ＡＰＰＬＥ．ＣＯＭ／ＢＩＬＬ,通信費,アプリ
JCBデビット,ＤＣＳ・ＥｎｅＪｅｔ狩場インター店,食費,カフェ
JCBデビット,まいばすけっと,食費,昼食
JCBデビット,横浜市営地下鉄　タッチ決済,交通費,電車
JCBデビット,業務スーパー　戸塚店,食費,夕食
JCBデビット,リトルマーメイド戸塚,食費,カフェ
JCBデビット,アエナサクラス戸塚店,食費,夕食
JCBデビット,メルカリ,美容・衣類,コスメ
JCBデビット,横浜スカイビル,交際費,飲食
JCBデビット,ナチュラルローソン横浜ベイクォーター,食費,飲料
JCBデビット,株式会社　高島屋　横浜店,交際費,贈答
JCBデビット,ローソン西横浜駅前,食費,飲料
JCBデビット,セリア２３０７サクラス戸塚店,消耗品,日用品
JCBデビット,セブン－イレブン大田区本羽田１丁目店,食費,飲料
JCBデビット,マルエツ　天王町,食費,昼食
JCBデビット,モスバーガー横浜天王町店,食費,カフェ
JCBデビット,ファミリーマート　横浜天王町,食費,飲料
JCBデビット,１２７８マツモトキヨシトツカーナモール店,消耗品,生活用品
JCBデビット,グランリヴィエール箱根,交際費,贈答
JCBデビット,いいオフィス,教養,会場
JCBデビット,ＮｅｗＤａｙｓ／ＫＩＯＳＫ,食費,飲料
JCBデビット,東慶寺売店／Ａｉｒ,その他,雑費
JCBデビット,ハンズ　横浜店,消耗品,生活用品
JCBデビット,デイリーヤマザキ,食費,昼食
JCBデビット,ＤＣＳ・本厚木ミロードイースト店,食費,昼食
JCBデビット,ファミリーマート　港南中央通,食費,飲料
JCBデビット,ＡＭＡＺＯＮ．ＣＯ．ＪＰ,消耗品,生活用品
JCBデビット,Ａｍａｚｏｎ　Ｍａｒｋｅｔ　Ｐｌａｃｅ,食費,夕食
JCBデビット,Ａｍａｚｏｎプライム会費,その他,雑費
JCBデビット,炭焼うな重とまぜそば　一二三,交際費,飲食
JCBデビット,ポルタ,交際費,飲食
JCBデビット,ＡＮＴＨＲＯＰＩＣ＊　ＣＬＡＵＤＥ　ＳＵＢ,教養,習い事
JCBデビット,Ｓｕｉｃａ〔携帯決済〕,立替・資金移動,精算
JCBデビット,ＭＩＳＳＰＲＥＴＴＹＷＯＭＡＮ横浜／ＳＢ,交際費,飲食
JCBデビット,ファミリーマート　サンズ戸塚駅北,食費,飲料
JCBデビット,東急ストア,食費,昼食
JCBデビット,サンマルクカフェ　戸塚店,食費,カフェ
JCBデビット,クリエイトエス・ディー,消耗品,日用品
JCBデビット,ＤＣＳ・根岸店,食費,カフェ
JCBデビット,マクドナルド根岸駅前店,食費,飲料
JCBデビット,一〇八抹茶茶廊,食費,カフェ
JCBデビット,ファミリーマート　熱海駅前,食費,飲料
JCBデビット,ＪＲ　東日本,立替・資金移動,精算
JCBデビット,ラスカ熱海,交際費,飲食
JCBデビット,セブン－イレブン小田急ビナガーデンズオ,食費,飲料
JCBデビット,２２１３ハックドラッグサクラス戸塚店,消耗品,日用品
JCBデビット,ミニストップ　神宮前１丁目,食費,間食
JCBデビット,ＳＱ＊ｈｏｌｌｏ,美容・衣類,美容院
JCBデビット,サンマルクカフェ　西鉄イン新宿店,食費,夕食
JCBデビット,スターバックスコーヒー,食費,カフェ
JCBデビット,ＦＵＪＩ寒川,食費,昼食
JCBデビット,ＳＱ＊旧三福不動産,教養,会場
JCBデビット,ローソン戸塚町矢沢,食費,間食
JCBデビット,みなとみらい線　タッチ決済,交通費,電車
JCBデビット,ＳＱ＊ベーカリー三三,食費,カフェ
JCBデビット,２３２９ハックドラッグ横浜南太田店,消耗品,日用品
JCBデビット,ＤＣＳ・戸塚駅店,食費,カフェ
JCBデビット,ココナラ,教養,習い事
JCBデビット,ローソン中山駅前,食費,間食
JCBデビット,バーガーキング,食費,昼食
JCBデビット,ＤＣＳ・横浜北幸店,食費,カフェ
JCBデビット,Ｓｕｉｃａ［携帯決済］,立替・資金移動,精算
JCBデビット,ドトールコーヒー,食費,カフェ
JCBデビット,ココカラファイン,消耗品,日用品
JCBデビット,スーパーマルヤマ　藤棚店,食費,昼食
JCBデビット,ベローチェ鴨居店,食費,カフェ
JCBデビット,スクエア・マスター・シークレッツ,教養,習い事
JCBデビット,ドラッグストアスマイル藤棚店,食費,昼食
JCBデビット,エムズ歯科クリニック弘明寺,医療費,診察
JCBデビット,セブン－イレブン横浜石川町２丁目店,食費,飲料
JCBデビット,５倍塾受講生限定フォ－ラム,教養,習い事
JCBデビット,モスバーガー,食費,カフェ
JCBデビット,東急電鉄（株）　タッチ決済,交通費,電車
JCBデビット,株式会社オミアイ,教養,会場
JCBデビット,カフェ　ラ・ボエム　自由が丘,交際費,飲食
JCBデビット,＊ゲオアレコレレンタル,消耗品,その他
JCBデビット,ヨークフーズ港南中央店,食費,昼食
JCBデビット,ローソン横浜下川井町,食費,間食
JCBデビット,ＡＩＡＩＣＡＦＥ／Ａｉｒ,食費,カフェ
JCBデビット,カフェジュニア戸塚駅西口店,食費,カフェ
JCBデビット,ラクマ,消耗品,その他
JCBデビット,セブン－イレブン横浜戸塚旭町通り店,食費,飲料
JCBデビット,ふじだな接骨院／Ａｉｒ,医療費,診察
JCBデビット,＊ゴバイジユクジユコウセイゲンテイフオ－ラム,教養,習い事
JCBデビット,サンマルクカフェ　新宿新南口店,食費,夕食
JCBデビット,Ｃａｆｆｉｃｅ,交際費,飲食
JCBデビット,ローソン旭本村町,食費,夕食
JCBデビット,スターバックス　モバイルオーダー,食費,カフェ
JCBデビット,ファミリーマート　寒川倉見東,食費,飲料
JCBデビット,ファミリーマート　戸部駅東,食費,飲料
JCBデビット,食品館あおば　弘明寺店,交際費,贈答
JCBデビット,串家物語,交際費,飲食
JCBデビット,ＴＯ　ＴＨＥ　ＨＥＲＢＳ渋谷店／Ａｉｒ,交際費,飲食
JCBデビット,無印良品,消耗品,生活用品
JCBデビット,＊スイカ　ケイタイケツサイ,立替・資金移動,精算
JCBデビット,＊タリ－ズコ－ヒ－,食費,カフェ
JCBデビット,＊ローソン,食費,飲料
JCBデビット,Ｈｅｒａｚｉｋａ,教養,会場
JCBデビット,＊サンワサクラストツカテン,食費,昼食
JCBデビット,＊ミニストツプ,食費,飲料
JCBデビット,＊メルカリ,美容・衣類,コスメ
JCBデビット,＊ニユ－デイズ　キオスク,食費,飲料
JCBデビット,ファミリーマート　中山駅南口,食費,間食
JCBデビット,アソビュー！,交際費,イベント
JCBデビット,なか卯,食費,昼食
JCBデビット,ヤマト運輸株式会社,美容・衣類,洋服
JCBデビット,株式会社ウィズ,交際費,その他
JCBデビット,＊ヤマトウンユ,美容・衣類,洋服
JCBデビット,ファミリーマート　本厚木駅前,食費,間食
JCBデビット,ベローチェ厚木中町店,食費,昼食
JCBデビット,セブン－イレブン厚木恩名３丁目店,食費,飲料
JCBデビット,ファミリーマート　横浜鴨居駅前,食費,飲料
JCBデビット,京急電鉄　交通利用,交通費,電車
JCBデビット,横浜スタジアム,交際費,イベント
JCBデビット,小松商事精算機,交通費,その他
JCBデビット,ウィングキッチン京急川崎,食費,飲料
JCBデビット,ファミリーマート　京急川崎駅前,食費,飲料
JCBデビット,横浜ベイクォーター,交際費,飲食
JCBデビット,ＪＲ東日本エキナカ自販機　ａｃｕｒｅ,食費,飲料
JCBデビット,ＺＯＺＯＴＯＷＮ,美容・衣類,洋服
JCBデビット,ラスカ平塚,食費,カフェ
JCBデビット,アイハーブジャパンゴウドウガイシャ,食費,飲料
JCBデビット,サーティワンアイスクリーム,交際費,飲食
JCBデビット,ＥＸＣ・渋谷公園通り店,交際費,飲食
JCBデビット,猫カフェモカ,交際費,飲食
JCBデビット,ＢＬＵＥＢ,交際費,飲食
JCBデビット,東急プラザ　戸塚,消耗品,生活用品
JCBデビット,ファミリーマート　ファミマ横浜アイマーク,食費,飲料
JCBデビット,楽天ペイ　ＴＨＥ　ＹＯＫＯＨＡＭＡＢＡＹ,交際費,飲食
JCBデビット,ＤＣＳ・みなとみらいグランモール公園店,交際費,飲食
JCBデビット,大四通商／Ａｉｒ,交際費,イベント
JCBデビット,戸塚モディ,消耗品,日用品
JCBデビット,ジョイナス,交際費,飲食
JCBデビット,ビナウォーク,交際費,飲食
JCBデビット,ＳＡＬＶＡＴＯＲＥＣＵＯＭＯ＆ＢＡＲ町田,交際費,飲食
JCBデビット,シァル横浜,交際費,飲食
JCBデビット,ローソン戸塚駅西口,食費,飲料
JCBデビット,セブン－イレブン横浜新井町店,食費,飲料
JCBデビット,ローソンＬＴＦ保土ヶ谷東口,食費,昼食
JCBデビット,鎌倉のごはんやさん石渡,交際費,飲食
JCBデビット,ローソン横浜戸部町三丁目,食費,昼食
JCBデビット,ローソン横浜山元町二丁目,食費,飲料
JCBデビット,星乃珈琲店　横浜鶴屋町店,交際費,飲食
JCBデビット,ファミリーマート　渋谷ガーデンフロント,食費,飲料
JCBデビット,トップ　反町店,交際費,飲食
JCBデビット,ＰＡＹＰＡＬ　＊ＺＥＮＶＡＬＵＥＩＮＣ,教養,習い事
JCBデビット,セリア２９２６ヨークマート立場店,消耗品,日用品
JCBデビット,エスプレッソ・アメリカーノ　横浜,食費,カフェ
JCBデビット,カフェ・ド・ティーケーピー,食費,カフェ
JCBデビット,ローソン茅ヶ崎今宿,食費,飲料
JCBデビット,ステ－キアンドチ－ズ酒場　レッドコ／ＰＧ,交際費,飲食
JCBデビット,横浜ワールドポーターズ,交際費,飲食
JCBデビット,株式会社　ソルサリエンテ,教養,習い事
JCBデビット,マクドナルド茅ヶ崎店,食費,飲料
JCBデビット,セブン－イレブン茅ヶ崎今宿東店,食費,飲料
JCBデビット,ＤＣＳ・茅ヶ崎南口店,食費,カフェ
JCBデビット,ワッツ　いずみ中央ライフ店,消耗品,日用品
JCBデビット,オーケー　上大岡店,食費,飲料
JCBデビット,株式会社はなまる,食費,昼食
JCBデビット,ミニストップ,食費,飲料
JCBデビット,マクドナルド西新宿駅前店,食費,夕食
JCBデビット,ファミリーマート　本厚木駅南口,食費,飲料
JCBデビット,ファミリーマート　鶴屋町郵便局前,食費,飲料
JCBデビット,キッチンオリジン　藤棚店,食費,昼食
JCBデビット,ファミリーマート　相鉄海老名駅,食費,飲料
JCBデビット,ららぽーと海老名,美容・衣類,コスメ
JCBデビット,風水火山,消耗品,その他
JCBデビット,ＡＮＡ　ＷＥＢ,交際費,イベント
JCBデビット,マツモトキヨシ　小田原駅東口店,食費,飲料
JCBデビット,ｈｏｌｌｏ　ＳＨＩＢＵＹＡ,美容・衣類,洋服
JCBデビット,ＣＬＡＵＤＥ．ＡＩ　ＳＵＢＳＣＲＩＰＴＩＯＮ,教養,学費
JCBデビット,スターバックス　ＴＢＳ　海老名,食費,カフェ
JCBデビット,桜木町ふぐよし総本店,交際費,飲食
JCBデビット,ＣＩＡＬ桜木町,交際費,飲食
JCBデビット,ナチュラルローソン川崎フロンティアビル,食費,飲料
JCBデビット,ローソン鎌倉玉縄一丁目,食費,飲料
JCBデビット,トーヨーベンディング飲料自販機,食費,飲料
JCBデビット,ノジマ　戸塚モディ店,消耗品,生活用品
JCBデビット,おかしのまちおか　千歳烏山店,食費,間食
JCBデビット,ＳＱ＊ｇｒａｎｏ,交際費,飲食
JCBデビット,井出整形外科内科クリニック,医療費,診察
JCBデビット,大佛次郎記念館／Ａｉｒ,教養,会場
JCBデビット,ＫＥＹ’Ｓ　ＣＡＦＥ　横浜蒔田店,食費,昼食
JCBデビット,アカフ－ボウル／ＳＢ,交際費,イベント
JCBデビット,ウィング　上大岡,交際費,飲食
JCBデビット,マルエツ　香川駅前店,食費,昼食
JCBデビット,ＵＤＥＭＹＥＵ,教養,習い事
JCBデビット,ルクス,消耗品,日用品
JCBデビット,ダイドードリンコ〔飲料自販機〕,食費,飲料
JCBデビット,セブン－イレブン横浜弘明寺駅前店,食費,飲料
JCBデビット,タリーズコーヒー,食費,カフェ
JCBデビット,三本珈琲店,交際費,飲食
JCBデビット,小田原城天守閣,交際費,イベント
JCBデビット,八洋〔飲料自販機〕,食費,飲料
JCBデビット,ベッド寝具専門店　イ－ズスペ－ス,消耗品,その他
JCBデビット,ＤＣＳ・湘南台西口駅前店,食費,昼食
JCBデビット,ニトリ,消耗品,その他
JCBデビット,セブン－イレブン横浜川和町店,食費,飲料
JCBデビット,ローソンストア１００茅ヶ崎十間坂,消耗品,その他
JCBデビット,ファミリーマート　相鉄二俣川駅,食費,飲料
JCBデビット,ファミリーマート　サンズ湘南台一丁目,食費,飲料
JCBデビット,和菓子　菜の花,交際費,贈答
JCBデビット,菓処　ことほぎの木,交際費,贈答
JCBデビット,福来すずめ,食費,間食
JCBデビット,小田原吉匠,食費,カフェ
JCBデビット,ファミリーマート　戸塚駅西口,食費,飲料
JCBデビット,ＤＣＳ・海老名ビナウォーク店,食費,カフェ
JCBデビット,快活ＣＬＵＢ　京急川崎駅前,教養,会場
JCBデビット,セリア２６５１ウィングキッチン京急川崎店,消耗品,日用品
JCBデビット,ＦＣＥｘ旭町通店,消耗品,その他
JCBデビット,ファミリーマート　トツカーナ,食費,飲料
JCBデビット,株式会社タイトー,交際費,イベント
JCBデビット,ダイニー,交際費,飲食
JCBデビット,ファミリーマート　地下鉄戸塚駅,食費,飲料
JCBデビット,ファミリーマート　平塚駅北口,食費,間食
JCBデビット,ＤＣＳ・平塚ユーユー駅前館店,食費,カフェ
JCBデビット,＊グ－グル　プレイ　アツプ,その他,雑費
JCBデビット,ローソン　トウキヨウテレポートエキマエ,食費,夕食
JCBデビット,赤から横浜西口店,交際費,飲食
JCBデビット,ファミリーマート　相鉄横浜駅,食費,飲料
JCBデビット,セブン－イレブン横浜戸塚矢部町北店,食費,昼食
JCBデビット,ＰＳビバレッジ〔飲料自販機〕,食費,飲料
JCBデビット,セブン－イレブン横浜旭区川島町店,食費,飲料
JCBデビット,ワタナベストアー　ビナワンフーズ海老名店,交際費,贈答
JCBデビット,ノジマ　マルイファミリー海老名店,消耗品,その他
JCBデビット,４４　ａｐａｒｔｍｅｎｔ　海老名／ＳＢ,交際費,飲食
JCBデビット,フード＆タイム　イセタン　ヨコハマ,交際費,飲食
JCBデビット,ＳＱ＊ＰＣクリニック,立替・資金移動,精算
JCBデビット,ファミリーマート　都筑富士見が丘,食費,飲料
JCBデビット,ららぽーと横浜,食費,カフェ
JCBデビット,マルエツ　四季の森フォレオ,食費,昼食
JCBデビット,青少年センター駐車場,立替・資金移動,精算
JCBデビット,セブン－イレブン小田急小田原店,交際費,贈答
JCBデビット,ローソン横浜ポルタ,食費,飲料
JCBデビット,ラゾーナ川崎プラザ,交際費,飲食
JCBデビット,ツルハドラッグ,消耗品,日用品
JCBデビット,アサヒ飲料販売　飲料自販機,食費,飲料
JCBデビット,ファミリーマート　横浜舞岡町,食費,飲料
JCBデビット,東京キリン,食費,飲料
JCBデビット,ＬＡＢＩ藤沢,消耗品,その他
JCBデビット,釜めし菜時記　さき亭／ＳＢ,交際費,飲食
JCBデビット,新江ノ島水族館　オーシャンバー,交際費,飲食
JCBデビット,コンパス薬局横浜西,医療費,医薬品
JCBデビット,サミット,食費,夕食
JCBデビット,ＳｗｉｔｃｈＢｏｔ株式会社,消耗品,その他
JCBデビット,ＤＣＳ・藤沢北口駅前店,食費,カフェ
JCBデビット,万豚記,交際費,飲食
JCBデビット,スギ薬局西新宿医大前店,消耗品,生活用品
JCBデビット,ユカ飲料自販機,食費,飲料
現金,ミスタードーナツ茅ケ崎北口ショップ,食費,朝食
現金,ベックスコーヒー横浜北口店,食費,昼食
現金,キッチンオリジン 藤棚店,食費,昼食
現金,ミスタードーナツ 戸塚西口ショップ,食費,朝食
現金,ミスタードーナツ中山ショップ,食費,カフェ
現金,-,食費,飲料
現金,ベックスコーヒー横浜駅南口店,食費,カフェ
現金,ニューデイズ戸塚地下,食費,飲料
現金,宇都宮みんみん 来らっせ店,交際費,飲食
現金,ベックスコーヒーアトレ大船店,食費,昼食
現金,ベックスコーヒー小田原店,食費,カフェ
現金,カフェ・ド・クリエSaclass 戸塚店,交際費,飲食
LIFEカード,ゾゾタウン,美容・衣類,洋服
LIFEカード,アマゾンプライムカイヒ,その他,手数料
LIFEカード,Ｌｏｏｏｐでんき,水道光熱費,電気
LIFEカード,ＰＡＹＰＡＬ　＊ＳＴＯＲＹ,教養,習い事
LIFEカード,エフビツト　ガス,水道光熱費,ガス
LIFEカード,オプテージ利用料金,通信費,携帯電話
LIFEカード,サンワ　サクラス　トツカテン,食費,夕食
LIFEカード,ニトリ,消耗品,その他
LIFEカード,ＡＭＡＺＯＮ．ＣＯ．ＪＰ,消耗品,生活用品
LIFEカード,ビツプスキントレ－ナ,教養,習い事
LIFEカード,ライトコ－ポレ－シヨンケツサイサ,教養,習い事
LIFEカード,ＵＤＥＭＹ＋９０５３２６２５３８８０,教養,習い事
LIFEカード,ｉｎｓｔａｂａｓｅ,教養,会場
LIFEカード,三井のカーシェアーズ,交通費,その他
LIFEカード,１Ｄａｙセミナー,教養,習い事
