ご利用者,お振替日,ご利用先など,お振替金額（￥）,摘要,承認番号
1295,2026/7/15,スシロー,"1,860",Ａｐｐｌｅ　Ｐａｙご利用分,[163503]
1295,2026/7/15,ユニクロ,"1,290",Ａｐｐｌｅ　Ｐａｙご利用分,[920401]
1295,2026/7/15,ローソン平塚駅北口,"1,040",Ａｐｐｌｅ　Ｐａｙご利用分,[803393]
1295,2026/7/15,ノート,500,,[753311]
1295,2026/7/15,ノート,500,,[750515]
1295,2026/7/15,ケンタッキーフライドチキン,270,Ａｐｐｌｅ　Ｐａｙご利用分,[646661]
1295,2026/7/15,ダイドードリンコ　飲料自販機,130,Ａｐｐｌｅ　Ｐａｙ／ＱＵＩＣＰａｙご利用分,[540659]
1295,2026/7/15,ローソン平塚駅北口,377,Ａｐｐｌｅ　Ｐａｙご利用分,[270631]
1295,2026/7/15,ＷＦＫ　平塚店,650,Ａｐｐｌｅ　Ｐａｙご利用分,[150973]
1295,2026/7/15,さくらんぼ薬局,"1,020",Ａｐｐｌｅ　Ｐａｙご利用分,[033793]
1295,2026/7/15,大地宅配,"2,218",,[691567]
1295,2026/7/14,三和サクラス戸塚店,440,Ａｐｐｌｅ　Ｐａｙ／ＱＵＩＣＰａｙご利用分,[893695]
1295,2026/7/14,ダイソー,550,Ａｐｐｌｅ　Ｐａｙご利用分,[759939]
1295,2026/7/14,ローソン寒川岡田,105,Ａｐｐｌｅ　Ｐａｙご利用分,[432463]
1295,2026/7/14,ローソン寒川岡田,368,Ａｐｐｌｅ　Ｐａｙご利用分,[356929]
1295,2026/7/14,ローソン寒川岡田,145,Ａｐｐｌｅ　Ｐａｙご利用分,[904893]
1295,2026/7/13,ＡＰＰＬＥ．ＣＯＭ／ＢＩＬＬ,255,（利用日）：２０２６年７月１４日,[253521]
1295,2026/7/13,ＤＣＳ・ＥｎｅＪｅｔ狩場インター店,560,Ａｐｐｌｅ　Ｐａｙご利用分,[883417]
1295,2026/7/13,まいばすけっと,459,Ａｐｐｌｅ　Ｐａｙご利用分,[025687]
1295,2026/7/13,横浜市営地下鉄　タッチ決済,452,Ａｐｐｌｅ　Ｐａｙご利用分/（利用日）：２０２６年７月１２日,[875231]
1295,2026/7/12,業務スーパー　戸塚店,849,Ａｐｐｌｅ　Ｐａｙご利用分,[190141]
1295,2026/7/12,リトルマーメイド戸塚,407,Ａｐｐｌｅ　Ｐａｙご利用分,[035035]
1295,2026/7/12,まいばすけっと,223,Ａｐｐｌｅ　Ｐａｙご利用分,[234053]
1295,2026/7/12,ケンタッキーフライドチキン,650,Ａｐｐｌｅ　Ｐａｙご利用分,[159675]
1295,2026/7/12,横浜市営地下鉄　タッチ決済,484,Ａｐｐｌｅ　Ｐａｙご利用分/（利用日）：２０２６年７月１１日,[914111]
1295,2026/7/11,三和サクラス戸塚店,225,Ａｐｐｌｅ　Ｐａｙ／ＱＵＩＣＰａｙご利用分,[104541]
1295,2026/7/11,まいばすけっと,117,Ａｐｐｌｅ　Ｐａｙご利用分,[301605]
1295,2026/7/11,アエナサクラス戸塚店,373,Ａｐｐｌｅ　Ｐａｙご利用分,[099411]
1295,2026/7/11,三和サクラス戸塚店,643,Ａｐｐｌｅ　Ｐａｙ／ＱＵＩＣＰａｙご利用分,[092801]
1295,2026/7/10,三和サクラス戸塚店,332,Ａｐｐｌｅ　Ｐａｙ／ＱＵＩＣＰａｙご利用分,[864997]
1295,2026/7/10,リトルマーメイド戸塚,407,Ａｐｐｌｅ　Ｐａｙご利用分,[769845]
1295,2026/7/10,メルカリ,"1,400",Ａｐｐｌｅ　Ｐａｙご利用分,[197667]
1295,2026/7/10,まいばすけっと,708,Ａｐｐｌｅ　Ｐａｙご利用分,[793775]
1295,2026/7/9,横浜スカイビル,"3,070",Ａｐｐｌｅ　Ｐａｙご利用分,[958183]
1295,2026/7/9,ナチュラルローソン横浜ベイクォーター,149,Ａｐｐｌｅ　Ｐａｙご利用分,[818255]
1295,2026/7/9,株式会社　高島屋　横浜店,"1,620",Ａｐｐｌｅ　Ｐａｙご利用分,[778813]
1295,2026/7/9,まいばすけっと,405,Ａｐｐｌｅ　Ｐａｙご利用分,[914357]
1295,2026/7/9,ローソン西横浜駅前,149,Ａｐｐｌｅ　Ｐａｙご利用分,[907691]
1295,2026/7/8,セリア２３０７サクラス戸塚店,220,Ａｐｐｌｅ　Ｐａｙ／ＱＵＩＣＰａｙご利用分,[096505]
1295,2026/7/8,三和サクラス戸塚店,365,Ａｐｐｌｅ　Ｐａｙ／ＱＵＩＣＰａｙご利用分,[070589]
1295,2026/7/8,まいばすけっと,96,Ａｐｐｌｅ　Ｐａｙご利用分,[638441]
1295,2026/7/8,セブン－イレブン大田区本羽田１丁目店,33,Ａｐｐｌｅ　Ｐａｙご利用分,[097877]
1295,2026/7/7,メルカリ,"35,000",Ａｐｐｌｅ　Ｐａｙご利用分,[564449]
1295,2026/7/7,業務スーパー　戸塚店,"1,086",Ａｐｐｌｅ　Ｐａｙご利用分,[076747]
1295,2026/7/7,まいばすけっと,117,Ａｐｐｌｅ　Ｐａｙご利用分,[437623]
1295,2026/7/7,ローソン西横浜駅前,235,Ａｐｐｌｅ　Ｐａｙご利用分,[434627]
1295,2026/7/7,マルエツ　天王町,214,Ａｐｐｌｅ　Ｐａｙご利用分,[423543]
1295,2026/7/7,モスバーガー横浜天王町店,200,Ａｐｐｌｅ　Ｐａｙご利用分,[363521]
1295,2026/7/7,ファミリーマート　横浜天王町,33,Ａｐｐｌｅ　Ｐａｙご利用分,[322735]
1295,2026/7/6,三和サクラス戸塚店,523,Ａｐｐｌｅ　Ｐａｙ／ＱＵＩＣＰａｙご利用分,[496125]
1295,2026/7/6,リトルマーメイド戸塚,407,Ａｐｐｌｅ　Ｐａｙご利用分,[302969]
1295,2026/7/6,まいばすけっと,341,Ａｐｐｌｅ　Ｐａｙご利用分,[474199]
1295,2026/7/6,横浜市営地下鉄　タッチ決済,484,Ａｐｐｌｅ　Ｐａｙご利用分/（利用日）：２０２６年７月５日,[329405]
1295,2026/7/5,三和サクラス戸塚店,222,Ａｐｐｌｅ　Ｐａｙ／ＱＵＩＣＰａｙご利用分,[490811]
1295,2026/7/4,セリア２３０７サクラス戸塚店,110,Ａｐｐｌｅ　Ｐａｙご利用分,[604273]
1295,2026/7/4,アエナサクラス戸塚店,"1,752",Ａｐｐｌｅ　Ｐａｙご利用分,[576359]
1295,2026/7/4,１２７８マツモトキヨシトツカーナモール店,"3,300",Ａｐｐｌｅ　Ｐａｙご利用分,[567895]
1295,2026/7/4,メルカリ,"1,599",Ａｐｐｌｅ　Ｐａｙご利用分,[504687]
1295,2026/7/4,メルカリ,"3,580",Ａｐｐｌｅ　Ｐａｙご利用分,[496355]
1295,2026/7/4,グランリヴィエール箱根,648,Ａｐｐｌｅ　Ｐａｙご利用分,[446911]
1295,2026/7/4,いいオフィス,880,,[173473]
1295,2026/7/4,ＮｅｗＤａｙｓ／ＫＩＯＳＫ,160,Ａｐｐｌｅ　Ｐａｙ／ＱＵＩＣＰａｙご利用分,[862787]
1295,2026/7/4,東慶寺売店／Ａｉｒ,"1,500",Ａｐｐｌｅ　Ｐａｙご利用分,[722891]
1295,2026/7/3,セリア２３０７サクラス戸塚店,110,Ａｐｐｌｅ　Ｐａｙご利用分,[568021]
1295,2026/7/3,業務スーパー　戸塚店,490,Ａｐｐｌｅ　Ｐａｙご利用分,[552899]
1295,2026/7/3,ハンズ　横浜店,374,Ａｐｐｌｅ　Ｐａｙご利用分,[494667]
1295,2026/7/3,まいばすけっと,117,Ａｐｐｌｅ　Ｐａｙご利用分,[127085]
1295,2026/7/3,デイリーヤマザキ,316,Ａｐｐｌｅ　Ｐａｙご利用分,[855229]
1295,2026/7/3,ＤＣＳ・本厚木ミロードイースト店,480,Ａｐｐｌｅ　Ｐａｙご利用分,[833973]
1295,2026/7/3,横浜市営地下鉄　タッチ決済,484,Ａｐｐｌｅ　Ｐａｙご利用分/（利用日）：２０２６年７月２日,[474549]
1295,2026/7/2,三和サクラス戸塚店,548,Ａｐｐｌｅ　Ｐａｙ／ＱＵＩＣＰａｙご利用分,[670941]
1295,2026/7/2,ファミリーマート　港南中央通,110,Ａｐｐｌｅ　Ｐａｙご利用分,[221511]
1295,2026/7/2,まいばすけっと,244,Ａｐｐｌｅ　Ｐａｙご利用分,[728247]
1295,2026/7/2,ＡＭＡＺＯＮ．ＣＯ．ＪＰ,933,,[525989]
1295,2026/7/1,Ａｍａｚｏｎ　Ｍａｒｋｅｔ　Ｐｌａｃｅ,"1,486",,[208745]
1295,2026/7/1,Ａｍａｚｏｎ　Ｍａｒｋｅｔ　Ｐｌａｃｅ,"3,053",（利用日）：２０２６年７月４日,[200995]
1295,2026/7/1,三和サクラス戸塚店,92,Ａｐｐｌｅ　Ｐａｙ／ＱＵＩＣＰａｙご利用分,[176493]
1295,2026/7/1,Ａｍａｚｏｎプライム会費,600,,[156537]
1295,2026/7/1,炭焼うな重とまぜそば　一二三,"2,560",Ａｐｐｌｅ　Ｐａｙご利用分,[858719]
1295,2026/7/1,ポルタ,"1,701",Ａｐｐｌｅ　Ｐａｙご利用分,[813443]
1295,2026/7/1,まいばすけっと,138,Ａｐｐｌｅ　Ｐａｙご利用分,[701817]
1295,2026/7/1,大地宅配,"2,218",,[571939]
1295,2026/6/30,ＡＮＴＨＲＯＰＩＣ＊　ＣＬＡＵＤＥ　ＳＵＢ,"3,737",（利用金額）：３，７６０円/【差額発生】/（現地通貨額）２２．０００ＵＳＤ/（換算レート）１７０．９０９１円／ＵＳＤ/（換算日）２０２６年７月２日,[926857]
1295,2026/6/30,三和サクラス戸塚店,600,Ａｐｐｌｅ　Ｐａｙ／ＱＵＩＣＰａｙご利用分,[641807]
1295,2026/6/30,まいばすけっと,311,Ａｐｐｌｅ　Ｐａｙご利用分,[530005]
1295,2026/6/30,ローソン西横浜駅前,235,Ａｐｐｌｅ　Ｐａｙご利用分,[520581]
1295,2026/6/29,三和サクラス戸塚店,959,Ａｐｐｌｅ　Ｐａｙ／ＱＵＩＣＰａｙご利用分,[627293]
1295,2026/6/29,Ｓｕｉｃａ〔携帯決済〕,"10,000",Ａｐｐｌｅ　Ｐａｙご利用分,[392897]
1295,2026/6/29,まいばすけっと,299,Ａｐｐｌｅ　Ｐａｙご利用分,[565503]
1295,2026/6/28,三和サクラス戸塚店,874,Ａｐｐｌｅ　Ｐａｙ／ＱＵＩＣＰａｙご利用分,[643335]
1295,2026/6/28,ＭＩＳＳＰＲＥＴＴＹＷＯＭＡＮ横浜／ＳＢ,"2,475",Ａｐｐｌｅ　Ｐａｙご利用分,[348785]
1295,2026/6/28,横浜市営地下鉄　タッチ決済,484,Ａｐｐｌｅ　Ｐａｙご利用分/（利用日）：２０２６年６月２７日,[447081]
1295,2026/6/27,ファミリーマート　サンズ戸塚駅北,149,Ａｐｐｌｅ　Ｐａｙご利用分,[872485]
1295,2026/6/27,東急ストア,429,Ａｐｐｌｅ　Ｐａｙ／ＱＵＩＣＰａｙご利用分,[793279]
1295,2026/6/27,サンマルクカフェ　戸塚店,630,Ａｐｐｌｅ　Ｐａｙご利用分,[676891]
1295,2026/6/26,三和サクラス戸塚店,321,Ａｐｐｌｅ　Ｐａｙ／ＱＵＩＣＰａｙご利用分,[879983]
1295,2026/6/26,クリエイトエス・ディー,"1,084",Ａｐｐｌｅ　Ｐａｙご利用分,[439727]
1295,2026/6/26,まいばすけっと,108,Ａｐｐｌｅ　Ｐａｙご利用分,[195447]
1295,2026/6/26,ＮｅｗＤａｙｓ／ＫＩＯＳＫ,150,Ａｐｐｌｅ　Ｐａｙ／ＱＵＩＣＰａｙご利用分,[132863]
1295,2026/6/26,ＤＣＳ・根岸店,400,Ａｐｐｌｅ　Ｐａｙご利用分,[054641]
1295,2026/6/26,マクドナルド根岸駅前店,160,Ａｐｐｌｅ　Ｐａｙご利用分,[731357]
1295,2026/6/25,一〇八抹茶茶廊,450,Ａｐｐｌｅ　Ｐａｙご利用分,[721163]
1295,2026/6/25,ファミリーマート　熱海駅前,149,Ａｐｐｌｅ　Ｐａｙご利用分,[602171]
1295,2026/6/24,ＪＲ　東日本,"4,880",,[871465]
1295,2026/6/24,ＪＲ　東日本,"3,740",,[866795]
1295,2026/6/24,ラスカ熱海,"2,431",Ａｐｐｌｅ　Ｐａｙ／ＱＵＩＣＰａｙご利用分,[846393]
1295,2026/6/24,まいばすけっと,66,Ａｐｐｌｅ　Ｐａｙご利用分,[260843]
1295,2026/6/24,セブン－イレブン小田急ビナガーデンズオ,127,Ａｐｐｌｅ　Ｐａｙご利用分,[134513]
1295,2026/6/24,デイリーヤマザキ,513,Ａｐｐｌｅ　Ｐａｙご利用分,[061919]
1295,2026/6/24,デイリーヤマザキ,33,Ａｐｐｌｅ　Ｐａｙご利用分,[825983]
1295,2026/6/23,２２１３ハックドラッグサクラス戸塚店,327,Ａｐｐｌｅ　Ｐａｙご利用分,[142039]
1295,2026/6/23,ミニストップ　神宮前１丁目,298,Ａｐｐｌｅ　Ｐａｙ／ＱＵＩＣＰａｙご利用分,[974583]
1295,2026/6/23,ダイソー,110,Ａｐｐｌｅ　Ｐａｙご利用分,[955821]
1295,2026/6/23,ＳＱ＊ｈｏｌｌｏ,"6,600",Ａｐｐｌｅ　Ｐａｙご利用分,[932305]
1295,2026/6/23,サンマルクカフェ　西鉄イン新宿店,"1,080",Ａｐｐｌｅ　Ｐａｙご利用分,[659997]
1295,2026/6/22,ＡＰＰＬＥ．ＣＯＭ／ＢＩＬＬ,"4,900",（利用日）：２０２６年６月２３日,[621063]
1295,2026/6/22,三和サクラス戸塚店,170,Ａｐｐｌｅ　Ｐａｙ／ＱＵＩＣＰａｙご利用分,[179361]
1295,2026/6/22,スターバックスコーヒー,510,Ａｐｐｌｅ　Ｐａｙご利用分,[576651]
1295,2026/6/22,ＦＵＪＩ寒川,506,Ａｐｐｌｅ　Ｐａｙご利用分,[469693]
1295,2026/6/21,三和サクラス戸塚店,318,Ａｐｐｌｅ　Ｐａｙ／ＱＵＩＣＰａｙご利用分,[498597]
1295,2026/6/21,ＳＱ＊旧三福不動産,"1,100",Ａｐｐｌｅ　Ｐａｙご利用分,[829193]
1295,2026/6/21,ＮｅｗＤａｙｓ／ＫＩＯＳＫ,160,Ａｐｐｌｅ　Ｐａｙ／ＱＵＩＣＰａｙご利用分,[601441]
1295,2026/6/21,ローソン戸塚町矢沢,448,Ａｐｐｌｅ　Ｐａｙご利用分,[549615]
1295,2026/6/21,サンマルクカフェ　戸塚店,630,Ａｐｐｌｅ　Ｐａｙご利用分,[404055]
1295,2026/6/21,みなとみらい線　タッチ決済,200,Ａｐｐｌｅ　Ｐａｙご利用分/（利用日）：２０２６年６月２０日,[257083]
1295,2026/6/20,ＮｅｗＤａｙｓ／ＫＩＯＳＫ,187,Ａｐｐｌｅ　Ｐａｙ／ＱＵＩＣＰａｙご利用分,[878821]
1295,2026/6/20,ポルタ,"3,168",Ａｐｐｌｅ　Ｐａｙご利用分,[768693]
1295,2026/6/20,ＳＱ＊ベーカリー三三,430,Ａｐｐｌｅ　Ｐａｙご利用分,[315829]
1295,2026/6/20,Ｓｕｉｃａ〔携帯決済〕,"10,000",Ａｐｐｌｅ　Ｐａｙご利用分,[089415]
1295,2026/6/20,２３２９ハックドラッグ横浜南太田店,575,Ａｐｐｌｅ　Ｐａｙご利用分,[068559]
1295,2026/6/20,アエナサクラス戸塚店,850,Ａｐｐｌｅ　Ｐａｙご利用分,[798041]
1295,2026/6/20,東急ストア,537,Ａｐｐｌｅ　Ｐａｙ／ＱＵＩＣＰａｙご利用分,[783377]
1295,2026/6/20,ＤＣＳ・戸塚駅店,400,Ａｐｐｌｅ　Ｐａｙご利用分,[618921]
1295,2026/6/19,ダイドードリンコ　飲料自販機,110,Ａｐｐｌｅ　Ｐａｙ／ＱＵＩＣＰａｙご利用分,[031637]
1295,2026/6/19,ココナラ,"5,275",,[931093]
1295,2026/6/19,ローソン中山駅前,311,Ａｐｐｌｅ　Ｐａｙご利用分,[741089]
1295,2026/6/19,ＮｅｗＤａｙｓ／ＫＩＯＳＫ,162,Ａｐｐｌｅ　Ｐａｙ／ＱＵＩＣＰａｙご利用分,[717565]
1295,2026/6/19,バーガーキング,600,Ａｐｐｌｅ　Ｐａｙご利用分,[610789]
1295,2026/6/18,クリエイトエス・ディー,316,Ａｐｐｌｅ　Ｐａｙご利用分,[677517]
1295,2026/6/18,ＤＣＳ・横浜北幸店,400,Ａｐｐｌｅ　Ｐａｙご利用分,[525801]
1295,2026/6/18,ダイソー,220,Ａｐｐｌｅ　Ｐａｙご利用分,[508093]
1295,2026/6/18,Ｓｕｉｃａ［携帯決済］,"36,420",Ａｐｐｌｅ　Ｐａｙご利用分,[134343]
1295,2026/6/18,ＮｅｗＤａｙｓ／ＫＩＯＳＫ,333,Ａｐｐｌｅ　Ｐａｙ／ＱＵＩＣＰａｙご利用分,[058195]
1295,2026/6/18,ドトールコーヒー,480,Ａｐｐｌｅ　Ｐａｙご利用分,[877311]
1295,2026/6/17,２２１３ハックドラッグサクラス戸塚店,217,Ａｐｐｌｅ　Ｐａｙご利用分,[108699]
1295,2026/6/17,セリア２３０７サクラス戸塚店,220,Ａｐｐｌｅ　Ｐａｙご利用分,[105705]
1295,2026/6/17,業務スーパー　戸塚店,"1,288",Ａｐｐｌｅ　Ｐａｙご利用分,[754935]
1295,2026/6/17,ＤＣＳ・ＥｎｅＪｅｔ狩場インター店,330,Ａｐｐｌｅ　Ｐａｙご利用分,[232531]
1295,2026/6/17,ココカラファイン,"1,365",Ａｐｐｌｅ　Ｐａｙご利用分,[079711]
1295,2026/6/17,スーパーマルヤマ　藤棚店,342,Ａｐｐｌｅ　Ｐａｙご利用分,[072101]
1295,2026/6/17,大地宅配,"2,218",,[761213]
1295,2026/6/16,三和サクラス戸塚店,321,Ａｐｐｌｅ　Ｐａｙ／ＱＵＩＣＰａｙご利用分,[094231]
1295,2026/6/16,セリア２３０７サクラス戸塚店,110,Ａｐｐｌｅ　Ｐａｙご利用分,[088879]
1295,2026/6/16,ＮｅｗＤａｙｓ／ＫＩＯＳＫ,183,Ａｐｐｌｅ　Ｐａｙ／ＱＵＩＣＰａｙご利用分,[918943]
1295,2026/6/16,ローソン寒川岡田,168,Ａｐｐｌｅ　Ｐａｙご利用分,[570037]
1295,2026/6/16,ローソン寒川岡田,110,Ａｐｐｌｅ　Ｐａｙご利用分,[115595]
1295,2025/6/15,三和サクラス戸塚店,374,Ａｐｐｌｅ　Ｐａｙ／ＱＵＩＣＰａｙご利用分,[149823]
1295,2025/6/15,ダイソー,218,Ａｐｐｌｅ　Ｐａｙご利用分,[743611]
1295,2025/6/15,ドトールコーヒー,720,Ａｐｐｌｅ　Ｐａｙご利用分,[323167]
1295,2025/6/15,横浜市営地下鉄　タッチ決済,484,Ａｐｐｌｅ　Ｐａｙご利用分,[103753]
1295,2025/6/15,ＮｅｗＤａｙｓ／ＫＩＯＳＫ,156,Ａｐｐｌｅ　Ｐａｙ／ＱＵＩＣＰａｙご利用分,[103653]
1295,2025/6/15,ドトールコーヒー,280,Ａｐｐｌｅ　Ｐａｙご利用分,[058829]
1295,2025/6/14,アエナサクラス戸塚店,"2,358",Ａｐｐｌｅ　Ｐａｙご利用分,[360821]
1295,2025/6/14,ＮｅｗＤａｙｓ／ＫＩＯＳＫ,156,Ａｐｐｌｅ　Ｐａｙ／ＱＵＩＣＰａｙご利用分,[658023]
1295,2025/6/14,東急ストア,645,Ａｐｐｌｅ　Ｐａｙ／ＱＵＩＣＰａｙご利用分,[567267]
1295,2025/6/14,サンマルクカフェ　戸塚店,320,Ａｐｐｌｅ　Ｐａｙご利用分,[465605]
1295,2025/6/13,三和サクラス戸塚店,181,Ａｐｐｌｅ　Ｐａｙ／ＱＵＩＣＰａｙご利用分,[809125]
1295,2025/6/13,ＮｅｗＤａｙｓ／ＫＩＯＳＫ,150,Ａｐｐｌｅ　Ｐａｙ／ＱＵＩＣＰａｙご利用分,[746071]
1295,2025/6/13,ベローチェ鴨居店,470,Ａｐｐｌｅ　Ｐａｙご利用分,[083041]
1295,2025/6/13,ＮｅｗＤａｙｓ／ＫＩＯＳＫ,156,Ａｐｐｌｅ　Ｐａｙ／ＱＵＩＣＰａｙご利用分,[004691]
1295,2025/6/13,メルカリ,799,Ａｐｐｌｅ　Ｐａｙご利用分,[763749]
1295,2025/6/12,スクエア・マスター・シークレッツ,"16,280",,[276707]
1295,2025/6/12,１２７８マツモトキヨシトツカーナモール店,"1,650",Ａｐｐｌｅ　Ｐａｙご利用分,[904341]
1295,2025/6/12,ローソン西横浜駅前,149,Ａｐｐｌｅ　Ｐａｙご利用分,[853713]
1295,2025/6/12,ドラッグストアスマイル藤棚店,163,Ａｐｐｌｅ　Ｐａｙご利用分,[392841]
1295,2025/6/12,横浜市営地下鉄　タッチ決済,272,Ａｐｐｌｅ　Ｐａｙご利用分,[177765]
1295,2025/6/12,まいばすけっと,84,Ａｐｐｌｅ　Ｐａｙご利用分,[125065]
1295,2025/6/12,ローソン西横浜駅前,300,Ａｐｐｌｅ　Ｐａｙご利用分,[122381]
1295,2025/6/12,ＮｅｗＤａｙｓ／ＫＩＯＳＫ,156,Ａｐｐｌｅ　Ｐａｙ／ＱＵＩＣＰａｙご利用分,[095405]
1295,2025/6/11,業務スーパー　戸塚店,"1,009",Ａｐｐｌｅ　Ｐａｙご利用分,[468931]
1295,2025/6/11,エムズ歯科クリニック弘明寺,"99,000",,[276495]
1295,2025/6/11,まいばすけっと,407,Ａｐｐｌｅ　Ｐａｙご利用分,[635855]
1295,2025/6/10,三和サクラス戸塚店,669,Ａｐｐｌｅ　Ｐａｙ／ＱＵＩＣＰａｙご利用分,[646289]
1295,2025/6/10,ＮｅｗＤａｙｓ／ＫＩＯＳＫ,156,Ａｐｐｌｅ　Ｐａｙ／ＱＵＩＣＰａｙご利用分,[577485]
1295,2025/6/10,セブン－イレブン横浜石川町２丁目店,126,Ａｐｐｌｅ　Ｐａｙご利用分,[196165]
1295,2025/6/10,ＮｅｗＤａｙｓ／ＫＩＯＳＫ,330,Ａｐｐｌｅ　Ｐａｙ／ＱＵＩＣＰａｙご利用分,[146483]
1295,2025/6/9,ハンズ　横浜店,220,Ａｐｐｌｅ　Ｐａｙご利用分,[357101]
1295,2025/6/9,まいばすけっと,210,Ａｐｐｌｅ　Ｐａｙご利用分,[330997]
1295,2025/6/9,マルエツ　天王町,299,Ａｐｐｌｅ　Ｐａｙご利用分,[816899]
1295,2025/6/9,５倍塾受講生限定フォ－ラム,"35,200",,[792879]
1295,2025/6/9,モスバーガー,360,Ａｐｐｌｅ　Ｐａｙご利用分,[768053]
1295,2025/6/9,東急電鉄（株）　タッチ決済,290,Ａｐｐｌｅ　Ｐａｙご利用分,[613377]
1295,2025/6/9,Ｓｕｉｃａ［携帯決済］,"11,890",Ａｐｐｌｅ　Ｐａｙご利用分,[586695]
1295,2025/6/9,株式会社オミアイ,"3,900",,[401529]
1295,2025/6/8,東急ストア,179,Ａｐｐｌｅ　Ｐａｙ／ＱＵＩＣＰａｙご利用分,[224017]
1295,2025/6/8,カフェ　ラ・ボエム　自由が丘,"6,094",Ａｐｐｌｅ　Ｐａｙご利用分,[116001]
1295,2025/6/8,ドトールコーヒー,530,Ａｐｐｌｅ　Ｐａｙご利用分,[985233]
1295,2025/6/8,セリア２３０７サクラス戸塚店,110,Ａｐｐｌｅ　Ｐａｙご利用分,[726691]
1295,2025/6/8,三和サクラス戸塚店,440,Ａｐｐｌｅ　Ｐａｙ／ＱＵＩＣＰａｙご利用分,[722959]
1295,2025/6/8,２２１３ハックドラッグサクラス戸塚店,327,Ａｐｐｌｅ　Ｐａｙご利用分,[305071]
1295,2025/6/8,東急ストア,378,Ａｐｐｌｅ　Ｐａｙ／ＱＵＩＣＰａｙご利用分,[292757]
1295,2025/6/8,横浜市営地下鉄　タッチ決済,484,Ａｐｐｌｅ　Ｐａｙご利用分,[109355]
1295,2025/6/7,＊ゲオアレコレレンタル,"6,380",,[678025]
1295,2025/6/7,ヨークフーズ港南中央店,479,Ａｐｐｌｅ　Ｐａｙご利用分,[304803]
1295,2025/6/7,ＮｅｗＤａｙｓ／ＫＩＯＳＫ,156,Ａｐｐｌｅ　Ｐａｙ／ＱＵＩＣＰａｙご利用分,[724149]
1295,2025/6/7,メルカリ,680,Ａｐｐｌｅ　Ｐａｙご利用分,[509955]
1295,2025/6/7,サンマルクカフェ　戸塚店,320,Ａｐｐｌｅ　Ｐａｙご利用分,[490687]
1295,2025/6/6,三和サクラス戸塚店,118,Ａｐｐｌｅ　Ｐａｙ／ＱＵＩＣＰａｙご利用分,[880423]
1295,2025/6/6,スターバックスコーヒー,480,Ａｐｐｌｅ　Ｐａｙご利用分,[540231]
1295,2025/6/6,ローソン横浜下川井町,278,Ａｐｐｌｅ　Ｐａｙご利用分,[325717]
1295,2025/6/6,まいばすけっと,719,Ａｐｐｌｅ　Ｐａｙご利用分,[132217]
1295,2025/6/6,ＡＩＡＩＣＡＦＥ／Ａｉｒ,430,Ａｐｐｌｅ　Ｐａｙご利用分,[053001]
1295,2025/6/6,メルカリ,"1,800",Ａｐｐｌｅ　Ｐａｙご利用分,[871737]
1295,2025/6/6,メルカリ,800,Ａｐｐｌｅ　Ｐａｙご利用分,[870721]
1295,2025/6/6,メルカリ,"2,200",Ａｐｐｌｅ　Ｐａｙご利用分,[869755]
1295,2025/6/6,カフェジュニア戸塚駅西口店,390,Ａｐｐｌｅ　Ｐａｙご利用分,[853617]
1295,2025/6/5,業務スーパー　戸塚店,"2,314",Ａｐｐｌｅ　Ｐａｙご利用分,[080075]
1295,2025/6/5,ＮｅｗＤａｙｓ／ＫＩＯＳＫ,156,Ａｐｐｌｅ　Ｐａｙ／ＱＵＩＣＰａｙご利用分,[755595]
1295,2025/6/5,Ａｍａｚｏｎ　Ｍａｒｋｅｔ　Ｐｌａｃｅ,490,,[364301]
1295,2025/6/5,ラクマ,"1,567",,[314963]
1295,2025/6/4,三和サクラス戸塚店,483,Ａｐｐｌｅ　Ｐａｙ／ＱＵＩＣＰａｙご利用分,[692075]
1295,2025/6/4,セリア２３０７サクラス戸塚店,440,Ａｐｐｌｅ　Ｐａｙご利用分,[677095]
1295,2025/6/4,セブン－イレブン横浜戸塚旭町通り店,127,Ａｐｐｌｅ　Ｐａｙご利用分,[577365]
1295,2025/6/4,まいばすけっと,353,Ａｐｐｌｅ　Ｐａｙご利用分,[846853]
1295,2025/6/4,ローソン西横浜駅前,354,Ａｐｐｌｅ　Ｐａｙご利用分,[845503]
1295,2025/6/3,まいばすけっと,31,Ａｐｐｌｅ　Ｐａｙご利用分,[211373]
1295,2025/6/3,セブン－イレブン横浜戸塚旭町通り店,149,Ａｐｐｌｅ　Ｐａｙご利用分,[150247]
1295,2025/6/3,ダイソー,440,Ａｐｐｌｅ　Ｐａｙご利用分,[104535]
1295,2025/6/3,まいばすけっと,150,Ａｐｐｌｅ　Ｐａｙご利用分,[046319]
1295,2025/6/3,まいばすけっと,730,Ａｐｐｌｅ　Ｐａｙご利用分,[656347]
1295,2025/6/2,三和サクラス戸塚店,192,Ａｐｐｌｅ　Ｐａｙ／ＱＵＩＣＰａｙご利用分,[945837]
1295,2025/6/2,まいばすけっと,105,Ａｐｐｌｅ　Ｐａｙご利用分,[680309]
1295,2025/6/2,まいばすけっと,104,Ａｐｐｌｅ　Ｐａｙご利用分,[667147]
1295,2025/6/2,ふじだな接骨院／Ａｉｒ,"1,080",Ａｐｐｌｅ　Ｐａｙご利用分,[659145]
1295,2025/6/2,まいばすけっと,429,Ａｐｐｌｅ　Ｐａｙご利用分,[904627]
1295,2025/6/1,Ａｍａｚｏｎ　Ｍａｒｋｅｔ　Ｐｌａｃｅ,919,（利用日）：２０２５年６月２日,[507823]
1295,2025/6/1,＊ゴバイジユクジユコウセイゲンテイフオ－ラム,11,,[502029]
1295,2025/6/1,三和サクラス戸塚店,555,Ａｐｐｌｅ　Ｐａｙ／ＱＵＩＣＰａｙご利用分,[972323]
1295,2025/6/1,アエナサクラス戸塚店,160,Ａｐｐｌｅ　Ｐａｙご利用分,[960019]
1295,2025/6/1,サンマルクカフェ　新宿新南口店,590,Ａｐｐｌｅ　Ｐａｙご利用分,[624499]
1295,2025/6/1,Ｃａｆｆｉｃｅ,"4,015",Ａｐｐｌｅ　Ｐａｙご利用分,[588933]
1295,2025/5/31,三和サクラス戸塚店,397,Ａｐｐｌｅ　Ｐａｙ／ＱＵＩＣＰａｙご利用分,[276023]
1295,2025/5/31,まいばすけっと,106,Ａｐｐｌｅ　Ｐａｙご利用分,[203899]
1295,2025/5/31,横浜市営地下鉄　タッチ決済,484,Ａｐｐｌｅ　Ｐａｙご利用分,[468679]
1295,2025/5/31,まいばすけっと,245,Ａｐｐｌｅ　Ｐａｙご利用分,[420781]
1295,2025/5/30,セリア２３０７サクラス戸塚店,110,Ａｐｐｌｅ　Ｐａｙご利用分,[650319]
1295,2025/5/30,業務スーパー　戸塚店,"1,689",Ａｐｐｌｅ　Ｐａｙご利用分,[631637]
1295,2025/5/30,ファミリーマート　港南中央通,130,Ａｐｐｌｅ　Ｐａｙご利用分,[073843]
1295,2025/5/30,ダイソー,110,Ａｐｐｌｅ　Ｐａｙご利用分,[063733]
1295,2025/5/30,三和サクラス戸塚店,522,Ａｐｐｌｅ　Ｐａｙ／ＱＵＩＣＰａｙご利用分,[969365]
1295,2025/5/30,２２１３ハックドラッグサクラス戸塚店,657,Ａｐｐｌｅ　Ｐａｙご利用分,[962379]
1295,2025/5/29,バーガーキング,230,Ａｐｐｌｅ　Ｐａｙご利用分,[969383]
1295,2025/5/29,まいばすけっと,105,Ａｐｐｌｅ　Ｐａｙご利用分,[948267]
1295,2025/5/29,Ｓｕｉｃａ〔携帯決済〕,"10,000",Ａｐｐｌｅ　Ｐａｙご利用分,[212505]
1295,2025/5/28,三和サクラス戸塚店,545,Ａｐｐｌｅ　Ｐａｙ／ＱＵＩＣＰａｙご利用分,[604835]
1295,2025/5/28,ふじだな接骨院／Ａｉｒ,970,Ａｐｐｌｅ　Ｐａｙご利用分,[475847]
1295,2025/5/28,まいばすけっと,535,Ａｐｐｌｅ　Ｐａｙご利用分,[959741]
1295,2025/5/27,ローソン旭本村町,487,Ａｐｐｌｅ　Ｐａｙご利用分,[134995]
1295,2025/5/27,ＤＣＳ・ＥｎｅＪｅｔ狩場インター店,430,Ａｐｐｌｅ　Ｐａｙご利用分,[729811]
1295,2025/5/27,まいばすけっと,871,Ａｐｐｌｅ　Ｐａｙご利用分,[172143]
1295,2025/5/26,アエナサクラス戸塚店,85,Ａｐｐｌｅ　Ｐａｙご利用分,[361327]
1295,2025/5/26,スターバックス　モバイルオーダー,520,Ａｐｐｌｅ　Ｐａｙご利用分,[167983]
1295,2025/5/26,ファミリーマート　寒川倉見東,100,Ａｐｐｌｅ　Ｐａｙご利用分,[029113]
1295,2025/5/26,ＮｅｗＤａｙｓ／ＫＩＯＳＫ,325,Ａｐｐｌｅ　Ｐａｙ／ＱＵＩＣＰａｙご利用分,[904311]
1295,2025/5/25,２２１３ハックドラッグサクラス戸塚店,327,Ａｐｐｌｅ　Ｐａｙご利用分,[760127]
1295,2025/5/25,アエナサクラス戸塚店,170,Ａｐｐｌｅ　Ｐａｙご利用分,[754229]
1295,2025/5/25,ファミリーマート　戸部駅東,149,Ａｐｐｌｅ　Ｐａｙご利用分,[303363]
1295,2025/5/25,食品館あおば　弘明寺店,483,Ａｐｐｌｅ　Ｐａｙ／ＱＵＩＣＰａｙご利用分,[256401]
1295,2025/5/24,東急ストア,138,Ａｐｐｌｅ　Ｐａｙ／ＱＵＩＣＰａｙご利用分,[312843]
1295,2025/5/24,串家物語,"5,940",Ａｐｐｌｅ　Ｐａｙご利用分,[219651]
1295,2025/5/24,ＴＯ　ＴＨＥ　ＨＥＲＢＳ渋谷店／Ａｉｒ,"1,460",Ａｐｐｌｅ　Ｐａｙご利用分,[587429]
1295,2025/5/24,無印良品,350,Ａｐｐｌｅ　Ｐａｙご利用分,[518607]
1295,2025/5/22,Ａｍａｚｏｎ　Ｍａｒｋｅｔ　Ｐｌａｃｅ,"5,700",（利用日）：２０２５年５月２３日,[550197]
1295,2025/5/22,＊スイカ　ケイタイケツサイ,"10,000",,[548843]
1295,2025/5/22,＊タリ－ズコ－ヒ－,485,,[522629]
1295,2025/5/22,＊スイカ　ケイタイケツサイ,"5,000",,[386661]
1295,2025/5/22,＊ローソン,132,,[242549]
1295,2025/5/22,Ｈｅｒａｚｉｋａ,980,,[978257]
1295,2025/5/21,＊サンワサクラストツカテン,751,,[388079]
1295,2025/5/21,＊ミニストツプ,149,,[257367]
1295,2025/5/21,ＳＱ＊ｈｏｌｌｏ,"6,000",Ａｐｐｌｅ　Ｐａｙご利用分,[238915]
1295,2025/5/21,サンマルクカフェ　西鉄イン新宿店,460,Ａｐｐｌｅ　Ｐａｙご利用分,[036055]
1295,2025/5/21,デイリーヤマザキ,140,Ａｐｐｌｅ　Ｐａｙご利用分,[786453]
1295,2025/5/21,デイリーヤマザキ,615,Ａｐｐｌｅ　Ｐａｙご利用分,[738937]
1295,2025/5/21,デイリーヤマザキ,121,Ａｐｐｌｅ　Ｐａｙご利用分,[496679]
1295,2025/5/21,＊メルカリ,"9,999",,[462781]
1295,2025/5/21,＊スイカ　ケイタイケツサイ,"5,000",,[422479]
1295,2025/5/21,＊ニユ－デイズ　キオスク,170,,[405547]
1295,2025/5/20,三和サクラス戸塚店,375,Ａｐｐｌｅ　Ｐａｙ／ＱＵＩＣＰａｙご利用分,[815159]
1295,2025/5/20,まいばすけっと,214,Ａｐｐｌｅ　Ｐａｙご利用分,[566749]
1295,2025/5/20,ファミリーマート　中山駅南口,118,Ａｐｐｌｅ　Ｐａｙご利用分,[243837]
1295,2025/5/20,アソビュー！,"5,500",,[203481]
1295,2025/5/20,なか卯,840,Ａｐｐｌｅ　Ｐａｙご利用分,[146219]
1295,2025/5/20,ダイソー,218,Ａｐｐｌｅ　Ｐａｙご利用分,[133597]
1295,2025/5/19,業務スーパー　戸塚店,515,Ａｐｐｌｅ　Ｐａｙご利用分,[215187]
1295,2025/5/19,バーガーキング,370,Ａｐｐｌｅ　Ｐａｙご利用分,[942559]
1295,2025/5/19,バーガーキング,600,Ａｐｐｌｅ　Ｐａｙご利用分,[763899]
1295,2025/5/19,まいばすけっと,105,Ａｐｐｌｅ　Ｐａｙご利用分,[637125]
1295,2025/5/19,横浜市営地下鉄　タッチ決済,484,Ａｐｐｌｅ　Ｐａｙご利用分,[401067]
1295,2025/5/18,業務スーパー　戸塚店,"1,707",Ａｐｐｌｅ　Ｐａｙご利用分,[682515]
1295,2025/5/18,ファミリーマート　港南中央通,266,Ａｐｐｌｅ　Ｐａｙご利用分,[145919]
1295,2025/5/18,２２１３ハックドラッグサクラス戸塚店,327,Ａｐｐｌｅ　Ｐａｙご利用分,[050945]
1295,2025/5/18,三和サクラス戸塚店,714,Ａｐｐｌｅ　Ｐａｙ／ＱＵＩＣＰａｙご利用分,[045685]
1295,2025/5/18,ケンタッキーフライドチキン,270,Ａｐｐｌｅ　Ｐａｙご利用分,[978703]
1295,2025/5/18,横浜市営地下鉄　タッチ決済,272,Ａｐｐｌｅ　Ｐａｙご利用分,[872507]
1295,2025/5/17,ヤマト運輸株式会社,"1,061",Ａｐｐｌｅ　Ｐａｙご利用分,[467807]
1295,2025/5/17,三和サクラス戸塚店,676,Ａｐｐｌｅ　Ｐａｙ／ＱＵＩＣＰａｙご利用分,[081515]
1295,2025/5/17,まいばすけっと,105,Ａｐｐｌｅ　Ｐａｙご利用分,[635561]
1295,2025/5/17,株式会社ウィズ,"3,960",,[458773]
1295,2025/5/17,カフェジュニア戸塚駅西口店,390,Ａｐｐｌｅ　Ｐａｙご利用分,[357989]
1295,2025/5/17,＊ヤマトウンユ,"1,688",,[350127]
1295,2025/5/16,三和サクラス戸塚店,181,Ａｐｐｌｅ　Ｐａｙ／ＱＵＩＣＰａｙご利用分,[671985]
1295,2025/5/16,Ｓｕｉｃａ〔携帯決済〕,"5,000",Ａｐｐｌｅ　Ｐａｙご利用分,[241993]
1295,2025/5/16,ファミリーマート　本厚木駅前,312,Ａｐｐｌｅ　Ｐａｙご利用分,[216583]
1295,2025/5/16,ベローチェ厚木中町店,950,Ａｐｐｌｅ　Ｐａｙご利用分,[966495]
1295,2025/5/16,セブン－イレブン厚木恩名３丁目店,108,Ａｐｐｌｅ　Ｐａｙご利用分,[881221]
1295,2025/5/16,ドトールコーヒー,280,Ａｐｐｌｅ　Ｐａｙご利用分,[747317]
1295,お振替日,ご利用先など,お振替金額（￥）,摘要,承認番号
1295,2026/5/15,ＮｅｗＤａｙｓ／ＫＩＯＳＫ,183,Ａｐｐｌｅ　Ｐａｙ／ＱＵＩＣＰａｙご利用分,[866719]
1295,2026/5/15,ファミリーマート　横浜鴨居駅前,180,Ａｐｐｌｅ　Ｐａｙご利用分,[564231]
1295,2026/5/15,メルカリ,"15,000",Ａｐｐｌｅ　Ｐａｙご利用分,[512005]
1295,2026/5/15,バーガーキング,580,Ａｐｐｌｅ　Ｐａｙご利用分,[429329]
1295,2026/5/15,まいばすけっと,117,Ａｐｐｌｅ　Ｐａｙご利用分,[344895]
1295,2026/5/15,京急電鉄　交通利用,240,Ａｐｐｌｅ　Ｐａｙご利用分/（利用日）：２０２６年５月１４日,[191389]
1295,2026/5/14,横浜スタジアム,900,Ａｐｐｌｅ　Ｐａｙご利用分,[192463]
1295,2026/5/14,小松商事精算機,300,Ａｐｐｌｅ　Ｐａｙご利用分,[169541]
1295,2026/5/14,ウィングキッチン京急川崎,110,Ａｐｐｌｅ　Ｐａｙご利用分,[107911]
1295,2026/5/14,ドトールコーヒー,300,Ａｐｐｌｅ　Ｐａｙご利用分,[995497]
1295,2026/5/14,ファミリーマート　京急川崎駅前,149,Ａｐｐｌｅ　Ｐａｙご利用分,[983525]
1295,2026/5/14,ＡＭＡＺＯＮ．ＣＯ．ＪＰ,"5,981",,[784945]
1295,2026/5/14,マルエツ　天王町,524,Ａｐｐｌｅ　Ｐａｙご利用分,[522557]
1295,2026/5/14,モスバーガー横浜天王町店,300,Ａｐｐｌｅ　Ｐａｙご利用分,[467535]
1295,2026/5/14,ファミリーマート　横浜天王町,16,Ａｐｐｌｅ　Ｐａｙご利用分,[414003]
1295,2026/5/13,ＮｅｗＤａｙｓ／ＫＩＯＳＫ,235,Ａｐｐｌｅ　Ｐａｙ／ＱＵＩＣＰａｙご利用分,[722077]
1295,2026/5/13,横浜ベイクォーター,"6,721",Ａｐｐｌｅ　Ｐａｙご利用分,[684137]
1295,2026/5/13,ＤＣＳ・ＥｎｅＪｅｔ狩場インター店,126,Ａｐｐｌｅ　Ｐａｙご利用分,[205985]
1295,2026/5/13,ローソン寒川岡田,152,Ａｐｐｌｅ　Ｐａｙご利用分,[684939]
1295,2026/5/12,まいばすけっと,828,Ａｐｐｌｅ　Ｐａｙご利用分,[370611]
1295,2026/5/11,業務スーパー　戸塚店,"1,824",Ａｐｐｌｅ　Ｐａｙご利用分,[191493]
1295,2026/5/11,ＪＲ東日本エキナカ自販機　ａｃｕｒｅ,150,Ａｐｐｌｅ　Ｐａｙ／ＱＵＩＣＰａｙご利用分,[118413]
1295,2026/5/11,ケンタッキーフライドチキン,290,Ａｐｐｌｅ　Ｐａｙご利用分,[056615]
1295,2026/5/11,Ｓｕｉｃａ〔携帯決済〕,"5,000",Ａｐｐｌｅ　Ｐａｙご利用分,[736361]
1295,2026/5/11,Ｓｕｉｃａ〔携帯決済〕,"10,000",Ａｐｐｌｅ　Ｐａｙご利用分,[742601]
1295,2026/5/11,ＺＯＺＯＴＯＷＮ,330,,[709479]
1295,2026/5/11,ドトールコーヒー,300,Ａｐｐｌｅ　Ｐａｙ／ＱＵＩＣＰａｙご利用分,[690407]
1295,2026/5/11,ラスカ平塚,510,Ａｐｐｌｅ　Ｐａｙ／ＱＵＩＣＰａｙご利用分,[621017]
1295,2026/5/11,ＮｅｗＤａｙｓ／ＫＩＯＳＫ,151,Ａｐｐｌｅ　Ｐａｙ／ＱＵＩＣＰａｙご利用分,[574643]
1295,2026/5/11,アイハーブジャパンゴウドウガイシャ,"6,160",Ａｐｐｌｅ　Ｐａｙご利用分,[522969]
1295,2026/5/11,横浜市営地下鉄　タッチ決済,484,Ａｐｐｌｅ　Ｐａｙご利用分/（利用日）：２０２６年５月１０日,[312791]
1295,2026/5/11,ＮｅｗＤａｙｓ／ＫＩＯＳＫ,160,Ａｐｐｌｅ　Ｐａｙ／ＱＵＩＣＰａｙご利用分,[265723]
1295,2026/5/10,ヨークフーズ港南中央店,322,Ａｐｐｌｅ　Ｐａｙご利用分,[546129]
1295,2026/5/9,セリア２３０７サクラス戸塚店,110,Ａｐｐｌｅ　Ｐａｙご利用分,[767997]
1295,2026/5/9,三和サクラス戸塚店,557,Ａｐｐｌｅ　Ｐａｙ／ＱＵＩＣＰａｙご利用分,[763391]
1295,2026/5/9,サーティワンアイスクリーム,680,Ａｐｐｌｅ　Ｐａｙご利用分,[307599]
1295,2026/5/9,ＥＸＣ・渋谷公園通り店,"1,880",Ａｐｐｌｅ　Ｐａｙご利用分,[100473]
1295,2026/5/9,猫カフェモカ,"8,470",Ａｐｐｌｅ　Ｐａｙご利用分,[086085]
1295,2026/5/9,ＮｅｗＤａｙｓ／ＫＩＯＳＫ,160,Ａｐｐｌｅ　Ｐａｙ／ＱＵＩＣＰａｙご利用分,[774429]
1295,2026/5/8,セリア２３０７サクラス戸塚店,110,Ａｐｐｌｅ　Ｐａｙご利用分,[921553]
1295,2026/5/8,ＢＬＵＥＢ,"1,800",,[785527]
1295,2026/5/8,まいばすけっと,374,Ａｐｐｌｅ　Ｐａｙご利用分,[861915]
1295,2026/5/7,三和サクラス戸塚店,660,Ａｐｐｌｅ　Ｐａｙ／ＱＵＩＣＰａｙご利用分,[129241]
1295,2026/5/7,東急プラザ　戸塚,330,Ａｐｐｌｅ　Ｐａｙご利用分,[112249]
1295,2026/5/7,スーパーマルヤマ　藤棚店,235,Ａｐｐｌｅ　Ｐａｙご利用分,[454827]
1295,2026/5/7,ココカラファイン,877,Ａｐｐｌｅ　Ｐａｙご利用分,[443257]
1295,2026/5/6,三和サクラス戸塚店,101,Ａｐｐｌｅ　Ｐａｙ／ＱＵＩＣＰａｙご利用分,[676921]
1295,2026/5/6,ヤマト運輸株式会社,775,Ａｐｐｌｅ　Ｐａｙご利用分,[589695]
1295,2026/5/6,ファミリーマート　ファミマ横浜アイマーク,149,Ａｐｐｌｅ　Ｐａｙご利用分,[204487]
1295,2026/5/6,楽天ペイ　ＴＨＥ　ＹＯＫＯＨＡＭＡＢＡＹ,"3,740",Ａｐｐｌｅ　Ｐａｙご利用分,[967809]
1295,2026/5/6,ＤＣＳ・みなとみらいグランモール公園店,"1,310",Ａｐｐｌｅ　Ｐａｙご利用分,[807049]
1295,2026/5/6,ハンズ　横浜店,"1,650",Ａｐｐｌｅ　Ｐａｙご利用分,[743633]
1295,2026/5/6,横浜市営地下鉄　タッチ決済,484,Ａｐｐｌｅ　Ｐａｙご利用分/（利用日）：２０２６年５月５日,[526159]
1295,2026/5/6,大地宅配,"2,031",,[396079]
1295,2026/5/5,＊ヤマトウンユ,"1,875",,[635571]
1295,2026/5/5,三和サクラス戸塚店,62,Ａｐｐｌｅ　Ｐａｙ／ＱＵＩＣＰａｙご利用分,[606865]
1295,2026/5/4,株式会社ウィズ,"4,160",,[298399]
1295,2026/5/4,業務スーパー　戸塚店,294,Ａｐｐｌｅ　Ｐａｙご利用分,[787685]
1295,2026/5/4,無印良品,299,Ａｐｐｌｅ　Ｐａｙご利用分,[771451]
1295,2026/5/4,大四通商／Ａｉｒ,"6,500",Ａｐｐｌｅ　Ｐａｙご利用分,[425427]
1295,2026/5/4,三和サクラス戸塚店,127,Ａｐｐｌｅ　Ｐａｙ／ＱＵＩＣＰａｙご利用分,[082057]
1295,2026/5/4,２２１３ハックドラッグサクラス戸塚店,"1,508",Ａｐｐｌｅ　Ｐａｙご利用分,[076569]
1295,2026/5/4,まいばすけっと,214,Ａｐｐｌｅ　Ｐａｙご利用分,[949747]
1295,2026/5/3,ＢＬＵＥＢ,600,,[570361]
1295,2026/5/3,三和サクラス戸塚店,449,Ａｐｐｌｅ　Ｐａｙ／ＱＵＩＣＰａｙご利用分,[129789]
1295,2026/5/3,２２１３ハックドラッグサクラス戸塚店,547,Ａｐｐｌｅ　Ｐａｙご利用分,[116705]
1295,2026/5/3,戸塚モディ,550,Ａｐｐｌｅ　Ｐａｙご利用分,[098251]
1295,2026/5/3,ナチュラルローソン横浜ベイクォーター,198,Ａｐｐｌｅ　Ｐａｙご利用分,[626067]
1295,2026/5/3,ジョイナス,"3,700",Ａｐｐｌｅ　Ｐａｙご利用分,[590091]
1295,2026/5/2,ＺＯＺＯＴＯＷＮ,"7,779",（利用日）：２０２６年５月３日,[821705]
1295,2026/5/2,ＮｅｗＤａｙｓ／ＫＩＯＳＫ,162,Ａｐｐｌｅ　Ｐａｙ／ＱＵＩＣＰａｙご利用分,[089751]
1295,2026/5/2,ビナウォーク,"4,990",Ａｐｐｌｅ　Ｐａｙご利用分,[934483]
1295,2026/5/2,ＳＡＬＶＡＴＯＲＥＣＵＯＭＯ＆ＢＡＲ町田,"4,939",Ａｐｐｌｅ　Ｐａｙご利用分,[796499]
1295,2026/5/1,シァル横浜,"3,210",Ａｐｐｌｅ　Ｐａｙ／ＱＵＩＣＰａｙご利用分,[775867]
1295,2026/5/1,ＤＣＳ・横浜北幸店,820,Ａｐｐｌｅ　Ｐａｙご利用分,[295565]
1295,2026/5/1,ジョイナス,723,Ａｐｐｌｅ　Ｐａｙご利用分,[273771]
1295,2026/5/1,５倍塾受講生限定フォ－ラム,"3,300",,[538679]
1295,2026/4/30,まいばすけっと,378,Ａｐｐｌｅ　Ｐａｙご利用分,[347239]
1295,2026/4/30,ローソン戸塚駅西口,159,Ａｐｐｌｅ　Ｐａｙご利用分,[175845]
1295,2026/4/30,まいばすけっと,646,Ａｐｐｌｅ　Ｐａｙご利用分,[762435]
1295,2026/4/30,デイリーヤマザキ,367,Ａｐｐｌｅ　Ｐａｙご利用分,[489735]
1295,2026/4/30,クリエイトエス・ディー,105,Ａｐｐｌｅ　Ｐａｙご利用分,[464179]
1295,2026/4/29,２２１３ハックドラッグサクラス戸塚店,503,Ａｐｐｌｅ　Ｐａｙご利用分,[654627]
1295,2026/4/29,三和サクラス戸塚店,427,Ａｐｐｌｅ　Ｐａｙ／ＱＵＩＣＰａｙご利用分,[276511]
1295,2026/4/29,ＡＭＡＺＯＮ．ＣＯ．ＪＰ,"3,230",,[250887]
1295,2026/4/29,ナチュラルローソン横浜ベイクォーター,149,Ａｐｐｌｅ　Ｐａｙご利用分,[117629]
1295,2026/4/29,ＴＯ　ＴＨＥ　ＨＥＲＢＳ渋谷店／Ａｉｒ,"3,700",Ａｐｐｌｅ　Ｐａｙご利用分,[794731]
1295,2026/4/28,セブン－イレブン横浜新井町店,91,Ａｐｐｌｅ　Ｐａｙご利用分,[239717]
1295,2026/4/28,まいばすけっと,460,Ａｐｐｌｅ　Ｐａｙご利用分,[480551]
1295,2026/4/28,ローソンＬＴＦ保土ヶ谷東口,268,Ａｐｐｌｅ　Ｐａｙご利用分,[456845]
1295,2026/4/27,三和サクラス戸塚店,170,Ａｐｐｌｅ　Ｐａｙ／ＱＵＩＣＰａｙご利用分,[688325]
1295,2026/4/27,まいばすけっと,236,Ａｐｐｌｅ　Ｐａｙご利用分,[804157]
1295,2026/4/27,スーパーマルヤマ　藤棚店,255,Ａｐｐｌｅ　Ｐａｙご利用分,[798327]
1295,2026/4/25,セリア２３０７サクラス戸塚店,110,Ａｐｐｌｅ　Ｐａｙご利用分,[554897]
1295,2026/4/25,三和サクラス戸塚店,591,Ａｐｐｌｅ　Ｐａｙ／ＱＵＩＣＰａｙご利用分,[548251]
1295,2026/4/25,ＡＭＡＺＯＮ．ＣＯ．ＪＰ,"1,366",,[080999]
1295,2026/4/25,鎌倉のごはんやさん石渡,"2,890",Ａｐｐｌｅ　Ｐａｙご利用分,[050393]
1295,2026/4/25,ＮｅｗＤａｙｓ／ＫＩＯＳＫ,160,Ａｐｐｌｅ　Ｐａｙ／ＱＵＩＣＰａｙご利用分,[817005]
1295,2026/4/24,株式会社ウィズ,"1,100",,[777823]
1295,2026/4/24,三和サクラス戸塚店,346,Ａｐｐｌｅ　Ｐａｙ／ＱＵＩＣＰａｙご利用分,[490943]
1295,2026/4/24,ローソン横浜戸部町三丁目,321,Ａｐｐｌｅ　Ｐａｙご利用分,[048403]
1295,2026/4/24,ローソン横浜山元町二丁目,181,Ａｐｐｌｅ　Ｐａｙご利用分,[938067]
1295,2026/4/24,ローソン横浜山元町二丁目,369,Ａｐｐｌｅ　Ｐａｙご利用分,[933631]
1295,2026/4/23,星乃珈琲店　横浜鶴屋町店,"2,070",Ａｐｐｌｅ　Ｐａｙご利用分,[783429]
1295,2026/4/23,ダイドードリンコ　飲料自販機,110,Ａｐｐｌｅ　Ｐａｙ／ＱＵＩＣＰａｙご利用分,[192315]
1295,2026/4/22,大地宅配,"2,031",,[919179]
1295,2026/4/21,Ａｍａｚｏｎプライム会費,600,,[445391]
1295,2026/4/21,三和サクラス戸塚店,535,Ａｐｐｌｅ　Ｐａｙ／ＱＵＩＣＰａｙご利用分,[396803]
1295,2026/4/21,ファミリーマート　渋谷ガーデンフロント,149,Ａｐｐｌｅ　Ｐａｙご利用分,[221853]
1295,2026/4/21,ｈｏｌｌｏ　ＳＨＩＢＵＹＡ,"6,600",Ａｐｐｌｅ　Ｐａｙ／ＱＵＩＣＰａｙご利用分,[213835]
1295,2026/4/21,Ｓｕｉｃａ〔携帯決済〕,"10,000",Ａｐｐｌｅ　Ｐａｙご利用分,[058859]
1295,2026/4/21,サンマルクカフェ　西鉄イン新宿店,370,Ａｐｐｌｅ　Ｐａｙご利用分,[993249]
1295,2026/4/21,まいばすけっと,243,Ａｐｐｌｅ　Ｐａｙご利用分,[979795]
1295,2026/4/21,ＣＬＡＵＤＥ．ＡＩ　ＳＵＢＳＣＲＩＰＴＩＯＮ,"3,677",（利用金額）：３，６８６円/【差額発生】/（現地通貨額）２２．０００ＵＳＤ/（換算レート）１６７．５４５５円／ＵＳＤ/（換算日）２０２６年４月２２日,[815755]
1295,2026/4/21,スターバックス　ＴＢＳ　海老名,510,Ａｐｐｌｅ　Ｐａｙご利用分,[560589]
1295,2026/4/21,デイリーヤマザキ,512,Ａｐｐｌｅ　Ｐａｙご利用分,[505741]
1295,2026/4/21,デイリーヤマザキ,476,Ａｐｐｌｅ　Ｐａｙご利用分,[392651]
1295,2026/4/20,業務スーパー　戸塚店,500,Ａｐｐｌｅ　Ｐａｙご利用分,[423807]
1295,2026/4/20,ココカラファイン,149,Ａｐｐｌｅ　Ｐａｙご利用分,[953475]
1295,2026/4/20,バーガーキング,580,Ａｐｐｌｅ　Ｐａｙご利用分,[807497]
1295,2026/4/20,メルカリ,"1,700",Ａｐｐｌｅ　Ｐａｙご利用分,[617729]
1295,2026/4/20,横浜市営地下鉄　タッチ決済,484,Ａｐｐｌｅ　Ｐａｙご利用分/（利用日）：２０２６年４月１９日,[389021]
1295,2026/4/19,セリア２３０７サクラス戸塚店,220,Ａｐｐｌｅ　Ｐａｙご利用分,[634301]
1295,2026/4/19,メルカリ,"2,200",Ａｐｐｌｅ　Ｐａｙご利用分,[109095]
1295,2026/4/19,ファミリーマート　港南中央通,172,Ａｐｐｌｅ　Ｐａｙご利用分,[070195]
1295,2026/4/18,桜木町ふぐよし総本店,"8,420",Ａｐｐｌｅ　Ｐａｙご利用分,[943451]
1295,2026/4/18,ＣＩＡＬ桜木町,"1,188",Ａｐｐｌｅ　Ｐａｙ／ＱＵＩＣＰａｙご利用分,[609211]
1295,2026/4/17,２２１３ハックドラッグサクラス戸塚店,217,Ａｐｐｌｅ　Ｐａｙご利用分,[982319]
1295,2026/4/17,セリア２３０７サクラス戸塚店,220,Ａｐｐｌｅ　Ｐａｙご利用分,[976357]
1295,2026/4/17,業務スーパー　戸塚店,919,Ａｐｐｌｅ　Ｐａｙご利用分,[950147]
1295,2026/4/17,ナチュラルローソン川崎フロンティアビル,181,Ａｐｐｌｅ　Ｐａｙご利用分,[361783]
1295,2026/4/16,三和サクラス戸塚店,105,Ａｐｐｌｅ　Ｐａｙ／ＱＵＩＣＰａｙご利用分,[183511]
1295,2026/4/16,ＮｅｗＤａｙｓ／ＫＩＯＳＫ,127,Ａｐｐｌｅ　Ｐａｙ／ＱＵＩＣＰａｙご利用分,[169525]
1295,2026/4/16,ＪＲ東日本エキナカ自販機　ａｃｕｒｅ,160,Ａｐｐｌｅ　Ｐａｙ／ＱＵＩＣＰａｙご利用分,[615881]
1295,2026/4/16,ＮｅｗＤａｙｓ／ＫＩＯＳＫ,127,Ａｐｐｌｅ　Ｐａｙ／ＱＵＩＣＰａｙご利用分,[282113]
1295,2026/4/15,三和サクラス戸塚店,267,Ａｐｐｌｅ　Ｐａｙ／ＱＵＩＣＰａｙご利用分,[663509]
1295,2026/4/15,ＡＭＡＺＯＮ．ＣＯ．ＪＰ,"1,615",（利用日）：２０２６年４月１６日,[288273]
1295,2026/4/15,ローソン寒川岡田,198,Ａｐｐｌｅ　Ｐａｙご利用分,[105253]
1295,2026/4/15,Ａｍａｚｏｎ　Ｍａｒｋｅｔ　Ｐｌａｃｅ,"3,650",,[056463]
1295,2026/4/15,メルカリ,980,Ａｐｐｌｅ　Ｐａｙご利用分,[039427]
1295,2026/4/15,ローソン寒川岡田,165,Ａｐｐｌｅ　Ｐａｙご利用分,[015053]
1295,2026/4/14,まいばすけっと,88,Ａｐｐｌｅ　Ｐａｙご利用分,[643925]
1295,2026/4/14,まいばすけっと,244,Ａｐｐｌｅ　Ｐａｙご利用分,[780681]
1295,2026/4/14,メルカリ,"1,000",Ａｐｐｌｅ　Ｐａｙご利用分,[799171]
1295,2026/4/13,まいばすけっと,214,Ａｐｐｌｅ　Ｐａｙご利用分,[139045]
1295,2026/4/13,ローソン戸塚駅西口,181,Ａｐｐｌｅ　Ｐａｙご利用分,[989865]
1295,2026/4/13,まいばすけっと,106,Ａｐｐｌｅ　Ｐａｙご利用分,[929297]
1295,2026/4/13,まいばすけっと,244,Ａｐｐｌｅ　Ｐａｙご利用分,[183253]
1295,2026/4/12,三和サクラス戸塚店,"1,371",Ａｐｐｌｅ　Ｐａｙ／ＱＵＩＣＰａｙご利用分,[995079]
1295,2026/4/12,２２１３ハックドラッグサクラス戸塚店,327,Ａｐｐｌｅ　Ｐａｙご利用分,[981795]
1295,2026/4/12,ローソン鎌倉玉縄一丁目,181,Ａｐｐｌｅ　Ｐａｙご利用分,[804705]
1295,2026/4/12,三和サクラス戸塚店,95,Ａｐｐｌｅ　Ｐａｙ／ＱＵＩＣＰａｙご利用分,[724971]
1295,2026/4/12,株式会社ウィズ,"1,100",,[663579]
1295,2026/4/11,ファミリーマート　サンズ戸塚駅北,501,,[448577]
1295,2026/4/11,三和サクラス戸塚店,300,,[684953]
1295,2026/4/11,セリア２３０７サクラス戸塚店,110,,[674775]
1295,2026/4/10,ジョイナス,450,Ａｐｐｌｅ　Ｐａｙご利用分,[776349]
1295,2026/4/10,キッズライン,"5,848",（利用日）：２０２６年４月１３日,[658881]
1295,2026/4/10,トーヨーベンディング飲料自販機,400,Ａｐｐｌｅ　Ｐａｙご利用分,[696119]
1295,2026/4/9,三和サクラス戸塚店,274,Ａｐｐｌｅ　Ｐａｙ／ＱＵＩＣＰａｙご利用分,[912577]
1295,2026/4/9,ノジマ　戸塚モディ店,690,Ａｐｐｌｅ　Ｐａｙご利用分,[880901]
1295,2026/4/9,おかしのまちおか　千歳烏山店,74,Ａｐｐｌｅ　Ｐａｙご利用分,[708491]
1295,2026/4/9,まいばすけっと,244,Ａｐｐｌｅ　Ｐａｙご利用分,[260447]
1295,2026/4/9,ＮｅｗＤａｙｓ／ＫＩＯＳＫ,173,Ａｐｐｌｅ　Ｐａｙ／ＱＵＩＣＰａｙご利用分,[034313]
1295,2026/4/8,三和サクラス戸塚店,50,Ａｐｐｌｅ　Ｐａｙ／ＱＵＩＣＰａｙご利用分,[546623]
1295,2026/4/8,ＳＱ＊ｇｒａｎｏ,"7,900",Ａｐｐｌｅ　Ｐａｙご利用分,[504917]
1295,2026/4/8,まいばすけっと,74,Ａｐｐｌｅ　Ｐａｙご利用分,[900965]
1295,2026/4/8,セブン－イレブン大田区本羽田１丁目店,143,Ａｐｐｌｅ　Ｐａｙご利用分,[458197]
1295,2026/4/8,Ｓｕｉｃａ〔携帯決済〕,"10,000",Ａｐｐｌｅ　Ｐａｙご利用分,[364397]
1295,2026/4/8,大地宅配,"2,031",,[223487]
1295,2026/4/8,ＡＭＡＺＯＮ．ＣＯ．ＪＰ,"2,990",,[095727]
1295,2026/4/7,三和サクラス戸塚店,158,Ａｐｐｌｅ　Ｐａｙ／ＱＵＩＣＰａｙご利用分,[644325]
1295,2026/4/7,井出整形外科内科クリニック,760,Ａｐｐｌｅ　Ｐａｙご利用分,[534463]
1295,2026/4/7,メルカリ,"2,820",Ａｐｐｌｅ　Ｐａｙご利用分,[047973]
1295,2026/4/7,まいばすけっと,653,Ａｐｐｌｅ　Ｐａｙご利用分,[954473]
1295,2026/4/7,ファミリーマート　横浜天王町,172,Ａｐｐｌｅ　Ｐａｙご利用分,[889527]
1295,2026/4/7,ファミリーマート　横浜天王町,16,Ａｐｐｌｅ　Ｐａｙご利用分,[828623]
1295,2026/4/6,メルカリ,"3,480",Ａｐｐｌｅ　Ｐａｙご利用分,[872515]
1295,2026/4/6,まいばすけっと,244,Ａｐｐｌｅ　Ｐａｙご利用分,[116203]
1295,2026/4/6,ＮｅｗＤａｙｓ／ＫＩＯＳＫ,173,Ａｐｐｌｅ　Ｐａｙ／ＱＵＩＣＰａｙご利用分,[100103]
1295,2026/4/5,株式会社ウィズ,"4,160",,[404045]
1295,2026/4/5,三和サクラス戸塚店,535,Ａｐｐｌｅ　Ｐａｙ／ＱＵＩＣＰａｙご利用分,[331405]
1295,2026/4/5,大佛次郎記念館／Ａｉｒ,200,Ａｐｐｌｅ　Ｐａｙご利用分,[097371]
1295,2026/4/5,横浜市営地下鉄　タッチ決済,452,Ａｐｐｌｅ　Ｐａｙご利用分/（利用日）：２０２６年４月４日,[198475]
1295,2026/4/4,アエナサクラス戸塚店,107,Ａｐｐｌｅ　Ｐａｙご利用分,[655285]
1295,2026/4/4,ＫＥＹ’Ｓ　ＣＡＦＥ　横浜蒔田店,900,Ａｐｐｌｅ　Ｐａｙご利用分,[162213]
1295,2026/4/4,アカフ－ボウル／ＳＢ,"2,600",Ａｐｐｌｅ　Ｐａｙご利用分,[957719]
1295,2026/4/4,ウィング　上大岡,710,Ａｐｐｌｅ　Ｐａｙご利用分,[817929]
1295,2026/4/3,まいばすけっと,150,Ａｐｐｌｅ　Ｐａｙご利用分,[749657]
1295,2026/4/3,東急ストア,138,Ａｐｐｌｅ　Ｐａｙ／ＱＵＩＣＰａｙご利用分,[647021]
1295,2026/4/3,まいばすけっと,105,Ａｐｐｌｅ　Ｐａｙご利用分,[289415]
1295,2026/4/3,ＤＣＳ・茅ヶ崎南口店,300,Ａｐｐｌｅ　Ｐａｙご利用分,[083149]
1295,2026/4/3,マルエツ　香川駅前店,193,Ａｐｐｌｅ　Ｐａｙご利用分,[018599]
1295,2026/4/2,アエナサクラス戸塚店,766,Ａｐｐｌｅ　Ｐａｙご利用分,[046833]
1295,2026/4/2,三和サクラス戸塚店,417,Ａｐｐｌｅ　Ｐａｙ／ＱＵＩＣＰａｙご利用分,[030467]
1295,2026/4/2,東急ストア,149,Ａｐｐｌｅ　Ｐａｙ／ＱＵＩＣＰａｙご利用分,[885031]
1295,2026/4/2,まいばすけっと,212,Ａｐｐｌｅ　Ｐａｙご利用分,[052529]
1295,2026/4/2,ＮｅｗＤａｙｓ／ＫＩＯＳＫ,156,Ａｐｐｌｅ　Ｐａｙ／ＱＵＩＣＰａｙご利用分,[034717]
1295,2026/4/1,ＵＤＥＭＹＥＵ,"3,000",（現地通貨額）３，０００．０００ＪＰＹ/（換算レート）１．００００円／ＪＰＹ/（換算日）２０２６年４月２日,[528603]
1295,2026/4/1,三和サクラス戸塚店,254,Ａｐｐｌｅ　Ｐａｙ／ＱＵＩＣＰａｙご利用分,[127321]
1295,2026/4/1,まいばすけっと,266,Ａｐｐｌｅ　Ｐａｙご利用分,[545807]
1295,2026/4/1,５倍塾受講生限定フォ－ラム,"3,300",,[426089]
1295,2026/4/1,横浜市営地下鉄　タッチ決済,242,Ａｐｐｌｅ　Ｐａｙご利用分/（利用日）：２０２６年３月３１日,[087525]
1295,2026/4/1,横浜市営地下鉄　タッチ決済,242,Ａｐｐｌｅ　Ｐａｙご利用分/（利用日）：２０２６年３月３１日,[086857]
1295,2026/3/31,三和サクラス戸塚店,492,Ａｐｐｌｅ　Ｐａｙ／ＱＵＩＣＰａｙご利用分,[421121]
1295,2026/3/31,ヨークフーズ港南中央店,139,Ａｐｐｌｅ　Ｐａｙご利用分,[382031]
1295,2026/3/31,ダイソー,220,Ａｐｐｌｅ　Ｐａｙご利用分,[375847]
1295,2026/3/31,メルカリ,"1,000",Ａｐｐｌｅ　Ｐａｙご利用分,[645297]
1295,2026/3/31,メルカリ,"2,999",Ａｐｐｌｅ　Ｐａｙご利用分,[640881]
1295,2026/3/31,メルカリ,"2,000",Ａｐｐｌｅ　Ｐａｙご利用分,[637785]
1295,2026/3/31,ルクス,736,（利用日）：２０２６年４月１日,[479449]
1295,2026/3/31,横浜市営地下鉄　タッチ決済,272,Ａｐｐｌｅ　Ｐａｙご利用分/（利用日）：２０２６年３月３０日,[200985]
1295,2026/3/30,三和サクラス戸塚店,483,Ａｐｐｌｅ　Ｐａｙ／ＱＵＩＣＰａｙご利用分,[468349]
1295,2026/3/30,ファミリーマート　横浜万国橋,336,Ａｐｐｌｅ　Ｐａｙご利用分,[248883]
1295,2026/3/30,ダイドードリンコ〔飲料自販機〕,140,Ａｐｐｌｅ　Ｐａｙ／ＱＵＩＣＰａｙご利用分,[018031]
1295,2026/3/30,象の鼻カフェ,800,Ａｐｐｌｅ　Ｐａｙご利用分,[978473]
1295,2026/3/30,セブン－イレブン横浜弘明寺駅前店,68,Ａｐｐｌｅ　Ｐａｙご利用分,[795703]
1295,2026/3/30,エムズ歯科クリニック弘明寺,"3,900",Ａｐｐｌｅ　Ｐａｙご利用分,[760597]
1295,2026/3/30,横浜市営地下鉄　タッチ決済,484,Ａｐｐｌｅ　Ｐａｙご利用分/（利用日）：２０２６年３月２９日,[439267]
1295,2026/3/29,三和サクラス戸塚店,321,Ａｐｐｌｅ　Ｐａｙ／ＱＵＩＣＰａｙご利用分,[932677]
1295,2026/3/29,ファミリーマート　港南中央通,172,Ａｐｐｌｅ　Ｐａｙご利用分,[306883]
1295,2026/3/29,２２１３ハックドラッグサクラス戸塚店,"1,042",Ａｐｐｌｅ　Ｐａｙご利用分,[866667]
1295,2026/3/29,セリア２３０７サクラス戸塚店,333,Ａｐｐｌｅ　Ｐａｙご利用分,[851371]
1295,2026/3/28,三和サクラス戸塚店,567,Ａｐｐｌｅ　Ｐａｙ／ＱＵＩＣＰａｙご利用分,[803233]
1295,2026/3/28,２２１３ハックドラッグサクラス戸塚店,382,Ａｐｐｌｅ　Ｐａｙご利用分,[750371]
1295,2026/3/28,セリア２３０７サクラス戸塚店,110,Ａｐｐｌｅ　Ｐａｙご利用分,[312951]
1295,2026/3/28,三和サクラス戸塚店,138,Ａｐｐｌｅ　Ｐａｙ／ＱＵＩＣＰａｙご利用分,[301505]
1295,2026/3/27,三和サクラス戸塚店,468,Ａｐｐｌｅ　Ｐａｙ／ＱＵＩＣＰａｙご利用分,[918641]
1295,2026/3/27,デイリーヤマザキ,168,Ａｐｐｌｅ　Ｐａｙご利用分,[609299]
1295,2026/3/27,タリーズコーヒー,555,Ａｐｐｌｅ　Ｐａｙご利用分,[511629]
1295,2026/3/27,ドトールコーヒー,160,Ａｐｐｌｅ　Ｐａｙご利用分,[350045]
1295,2026/3/27,ドトールコーヒー,300,Ａｐｐｌｅ　Ｐａｙご利用分,[341797]
1295,2026/3/27,ファミリーマート　サンズ戸塚駅北,140,Ａｐｐｌｅ　Ｐａｙご利用分,[969789]
1295,2026/3/27,Ａｍａｚｏｎ　Ｍａｒｋｅｔ　Ｐｌａｃｅ,"3,480",,[733835]
1295,2026/3/26,三和サクラス戸塚店,277,Ａｐｐｌｅ　Ｐａｙ／ＱＵＩＣＰａｙご利用分,[215565]
1295,2026/3/26,三本珈琲店,"1,413",Ａｐｐｌｅ　Ｐａｙ／ＱＵＩＣＰａｙご利用分,[897407]
1295,2026/3/26,小田原城天守閣,"2,000",Ａｐｐｌｅ　Ｐａｙご利用分,[696493]
1295,2026/3/26,一〇八抹茶茶廊,850,Ａｐｐｌｅ　Ｐａｙご利用分,[511795]
1295,2026/3/25,メルカリＳｈｏｐｓ,680,,[577907]
1295,2026/3/25,業務スーパー　戸塚店,412,Ａｐｐｌｅ　Ｐａｙご利用分,[372633]
1295,2026/3/25,Ｓｕｉｃａ〔携帯決済〕,"10,000",Ａｐｐｌｅ　Ｐａｙご利用分,[259117]
1295,2026/3/25,サンマルクカフェ　西鉄イン新宿店,370,Ａｐｐｌｅ　Ｐａｙご利用分,[010569]
1295,2026/3/25,まいばすけっと,89,Ａｐｐｌｅ　Ｐａｙご利用分,[992611]
1295,2026/3/25,メルカリ,"1,699",Ａｐｐｌｅ　Ｐａｙご利用分,[766961]
1295,2026/3/25,メルカリ,899,Ａｐｐｌｅ　Ｐａｙご利用分,[766605]
1295,2026/3/25,メルカリ,"3,200",Ａｐｐｌｅ　Ｐａｙご利用分,[765179]
1295,2026/3/25,Ｊクロフーズ・ＭＰ－１０,341,Ａｐｐｌｅ　Ｐａｙ／ＱＵＩＣＰａｙご利用分,[318411]
1295,2026/3/24,ローソン旭本村町,235,Ａｐｐｌｅ　Ｐａｙご利用分,[465425]
1295,2026/3/24,クリエイトエス・ディー,185,Ａｐｐｌｅ　Ｐａｙご利用分,[193017]
1295,2026/3/24,ららぽーと海老名,540,Ａｐｐｌｅ　Ｐａｙ／ＱＵＩＣＰａｙご利用分,[783949]
1295,2026/3/24,デイリーヤマザキ,190,Ａｐｐｌｅ　Ｐａｙご利用分,[689957]
1295,2026/3/24,デイリーヤマザキ,153,Ａｐｐｌｅ　Ｐａｙご利用分,[554661]
1295,2026/3/23,メルカリ,"1,280",Ａｐｐｌｅ　Ｐａｙご利用分,[030529]
1295,2026/3/23,２２１３ハックドラッグサクラス戸塚店,327,Ａｐｐｌｅ　Ｐａｙご利用分,[932603]
1295,2026/3/23,業務スーパー　戸塚店,"1,233",Ａｐｐｌｅ　Ｐａｙご利用分,[919763]
1295,2026/3/23,八洋〔飲料自販機〕,140,Ａｐｐｌｅ　Ｐａｙ／ＱＵＩＣＰａｙご利用分,[779343]
1295,2026/3/23,ｈｏｌｌｏ　ＳＨＩＢＵＹＡ,"6,600",Ａｐｐｌｅ　Ｐａｙご利用分,[776415]
1295,2026/3/23,ファミリーマート　渋谷ガーデンフロント,138,Ａｐｐｌｅ　Ｐａｙご利用分,[647439]
1295,2026/3/23,大地宅配,"1,980",（利用日）：２０２６年３月２８日,[837483]
1295,2026/3/23,まいばすけっと,967,Ａｐｐｌｅ　Ｐａｙご利用分,[817707]
1295,2026/3/23,横浜市営地下鉄　タッチ決済,484,Ａｐｐｌｅ　Ｐａｙご利用分/（利用日）：２０２６年３月２２日,[690797]
1295,2026/3/22,ベッド寝具専門店　イ－ズスペ－ス,"6,999",（利用日）：２０２６年３月２６日,[417039]
1295,2026/3/22,メルカリ,"1,100",Ａｐｐｌｅ　Ｐａｙご利用分,[347855]
1295,2026/3/22,Ａｍａｚｏｎ　Ｍａｒｋｅｔ　Ｐｌａｃｅ,"6,630",（利用日）：２０２６年３月２４日,[303573]
1295,2026/3/22,三和サクラス戸塚店,759,Ａｐｐｌｅ　Ｐａｙ／ＱＵＩＣＰａｙご利用分,[979845]
1295,2026/3/22,ファミリーマート　港南中央通,236,Ａｐｐｌｅ　Ｐａｙご利用分,[723581]
1295,2026/3/22,横浜市営地下鉄　タッチ決済,692,Ａｐｐｌｅ　Ｐａｙご利用分/（利用日）：２０２６年３月２１日,[034701]
1295,2026/3/21,三和サクラス戸塚店,415,Ａｐｐｌｅ　Ｐａｙ／ＱＵＩＣＰａｙご利用分,[370107]
1295,2026/3/21,ＮｅｗＤａｙｓ／ＫＩＯＳＫ,156,Ａｐｐｌｅ　Ｐａｙ／ＱＵＩＣＰａｙご利用分,[234917]
1295,2026/3/21,ＣＬＡＵＤＥ．ＡＩ　ＳＵＢＳＣＲＩＰＴＩＯＮ,"3,316",（利用金額）：３，３４７円/【差額発生】/（現地通貨額）２０．０００ＵＳＤ/（換算レート）１６７．３５００円／ＵＳＤ/（換算日）２０２６年３月２３日,[807809]
1295,2026/3/21,ローソン湘南台駅前,361,Ａｐｐｌｅ　Ｐａｙご利用分,[793113]
1295,2026/3/21,Ａｍａｚｏｎ　Ｍａｒｋｅｔ　Ｐｌａｃｅ,"2,899",,[726927]
1295,2026/3/21,ＤＣＳ・湘南台西口駅前店,810,Ａｐｐｌｅ　Ｐａｙご利用分,[700623]
1295,2026/3/21,ＮｅｗＤａｙｓ／ＫＩＯＳＫ,156,Ａｐｐｌｅ　Ｐａｙ／ＱＵＩＣＰａｙご利用分,[539315]
1295,2026/3/21,ユニクロ,"2,990",Ａｐｐｌｅ　Ｐａｙご利用分,[484859]
1295,2026/3/20,ＪＲ東日本エキナカ自販機　ａｃｕｒｅ,160,Ａｐｐｌｅ　Ｐａｙ／ＱＵＩＣＰａｙご利用分,[892339]
1295,2026/3/20,ジョイナス,"3,050",Ａｐｐｌｅ　Ｐａｙご利用分,[798795]
1295,2026/3/20,２２１３ハックドラッグサクラス戸塚店,742,Ａｐｐｌｅ　Ｐａｙご利用分,[949201]
1295,2026/3/20,セリア２３０７サクラス戸塚店,115,Ａｐｐｌｅ　Ｐａｙご利用分,[941673]
1295,2026/3/20,ニトリ,"1,998",,[936799]
1295,2026/3/19,三和サクラス戸塚店,116,Ａｐｐｌｅ　Ｐａｙ／ＱＵＩＣＰａｙご利用分,[702879]
1295,2026/3/19,セブン－イレブン横浜川和町店,108,Ａｐｐｌｅ　Ｐａｙご利用分,[463307]
1295,2026/3/19,ダイドードリンコ　飲料自販機,110,Ａｐｐｌｅ　Ｐａｙ／ＱＵＩＣＰａｙご利用分,[334175]
1295,2026/3/19,まいばすけっと,105,Ａｐｐｌｅ　Ｐａｙご利用分,[032505]
1295,2026/3/19,スーパーマルヤマ　藤棚店,117,Ａｐｐｌｅ　Ｐａｙご利用分,[027083]
1295,2026/3/19,ＮｅｗＤａｙｓ／ＫＩＯＳＫ,127,Ａｐｐｌｅ　Ｐａｙ／ＱＵＩＣＰａｙご利用分,[762871]
1295,2026/3/18,業務スーパー　戸塚店,"1,465",Ａｐｐｌｅ　Ｐａｙご利用分,[960347]
1295,2026/3/18,ＪＲ東日本エキナカ自販機　ａｃｕｒｅ,160,Ａｐｐｌｅ　Ｐａｙ／ＱＵＩＣＰａｙご利用分,[294357]
1295,2026/3/18,セブン－イレブン茅ヶ崎今宿東店,34,Ａｐｐｌｅ　Ｐａｙご利用分,[164971]
1295,2026/3/18,ローソンストア１００茅ヶ崎十間坂,282,Ａｐｐｌｅ　Ｐａｙご利用分,[147107]
1295,2026/3/18,ＮｅｗＤａｙｓ／ＫＩＯＳＫ,127,Ａｐｐｌｅ　Ｐａｙ／ＱＵＩＣＰａｙご利用分,[040669]
1295,2026/3/17,三和サクラス戸塚店,438,Ａｐｐｌｅ　Ｐａｙ／ＱＵＩＣＰａｙご利用分,[385949]
1295,2026/3/17,まいばすけっと,95,Ａｐｐｌｅ　Ｐａｙご利用分,[271455]
1295,2026/3/17,ローソン寒川岡田,185,Ａｐｐｌｅ　Ｐａｙご利用分,[862835]
1295,2026/3/17,ローソン寒川岡田,185,Ａｐｐｌｅ　Ｐａｙご利用分,[434771]
1295,2026/3/16,Ａｍａｚｏｎ　Ｍａｒｋｅｔ　Ｐｌａｃｅ,948,（利用日）：２０２６年３月１７日,[947083]
1295,2026/3/16,東急ストア,105,Ａｐｐｌｅ　Ｐａｙ／ＱＵＩＣＰａｙご利用分,[931553]
1295,2026/3/16,ＤＣＳ・ＥｎｅＪｅｔ狩場インター店,380,Ａｐｐｌｅ　Ｐａｙご利用分,[556387]
1295,2026/3/16,まいばすけっと,320,Ａｐｐｌｅ　Ｐａｙご利用分,[241243]
1295,2026/3/16,Ａｍａｚｏｎプライム会費,600,,[222099]
1295,2026/3/16,ファミリーマート　相鉄二俣川駅,145,Ａｐｐｌｅ　Ｐａｙご利用分,[193585]
1295,2026/3/16,ファミリーマート　サンズ湘南台一丁目,170,Ａｐｐｌｅ　Ｐａｙご利用分,[144169]
1295,2026/3/16,バーガーキング,580,Ａｐｐｌｅ　Ｐａｙご利用分,[000653]
1295,2026/3/15,ヤマト運輸株式会社,"1,369",Ａｐｐｌｅ　Ｐａｙご利用分,[067285]
1295,2026/3/15,三和サクラス戸塚店,416,Ａｐｐｌｅ　Ｐａｙ／ＱＵＩＣＰａｙご利用分,[975087]
1295,2026/3/15,ＪＲ東日本エキナカ自販機　ａｃｕｒｅ,120,Ａｐｐｌｅ　Ｐａｙ／ＱＵＩＣＰａｙご利用分,[871175]
1295,2026/3/15,和菓子　菜の花,320,Ａｐｐｌｅ　Ｐａｙご利用分,[852681]
1295,2026/3/15,菓処　ことほぎの木,"1,512",Ａｐｐｌｅ　Ｐａｙご利用分,[841441]
1295,2026/3/15,福来すずめ,160,Ａｐｐｌｅ　Ｐａｙご利用分,[330817]
1295,2026/3/15,小田原吉匠,750,Ａｐｐｌｅ　Ｐａｙ／ＱＵＩＣＰａｙご利用分,[289609]
1295,2026/3/15,福来すずめ,680,Ａｐｐｌｅ　Ｐａｙご利用分,[281505]
1295,2026/3/15,タリーズコーヒー,390,Ａｐｐｌｅ　Ｐａｙご利用分,[219205]
1295,2026/3/15,＊ヤマトウンユ,"1,875",,[090421]
1295,2026/3/14,三和サクラス戸塚店,227,,[204041]
1295,2026/3/14,ファミリーマート　サンズ戸塚駅北,285,,[833137]
1295,2026/3/14,セリア２３０７サクラス戸塚店,110,Ａｐｐｌｅ　Ｐａｙご利用分,[300291]
1295,2026/3/14,三和サクラス戸塚店,233,Ａｐｐｌｅ　Ｐａｙ／ＱＵＩＣＰａｙご利用分,[297655]
1295,2026/3/13,Ｓｕｉｃａ［携帯決済］,"33,890",Ａｐｐｌｅ　Ｐａｙご利用分,[428401]
1295,2026/3/13,ニトリ,"5,884",,[384717]
1295,2026/3/13,三和サクラス戸塚店,298,Ａｐｐｌｅ　Ｐａｙ／ＱＵＩＣＰａｙご利用分,[376135]
1295,2026/3/13,セリア２３０７サクラス戸塚店,550,Ａｐｐｌｅ　Ｐａｙご利用分,[348255]
1295,2026/3/13,２２１３ハックドラッグサクラス戸塚店,294,Ａｐｐｌｅ　Ｐａｙご利用分,[334085]
1295,2026/3/13,ファミリーマート　戸塚駅西口,150,Ａｐｐｌｅ　Ｐａｙご利用分,[018773]
1295,2026/3/13,まいばすけっと,138,Ａｐｐｌｅ　Ｐａｙご利用分,[769275]
1295,2026/3/13,まいばすけっと,138,Ａｐｐｌｅ　Ｐａｙご利用分,[412945]
1295,2026/3/12,まいばすけっと,51,Ａｐｐｌｅ　Ｐａｙご利用分,[625835]
1295,2026/3/12,ファミリーマート　戸塚駅西口,140,Ａｐｐｌｅ　Ｐａｙご利用分,[499351]
1295,2026/3/12,ＤＣＳ・海老名ビナウォーク店,400,Ａｐｐｌｅ　Ｐａｙご利用分,[969603]
1295,2026/3/12,デイリーヤマザキ,198,Ａｐｐｌｅ　Ｐａｙご利用分,[923785]
1295,2026/3/12,Ｓｕｉｃａ〔携帯決済〕,"10,000",Ａｐｐｌｅ　Ｐａｙご利用分,[762677]
1295,2026/3/12,ＮｅｗＤａｙｓ／ＫＩＯＳＫ,127,Ａｐｐｌｅ　Ｐａｙ／ＱＵＩＣＰａｙご利用分,[685821]
1295,2026/3/12,ファミリーマート　サンズ戸塚駅北,140,Ａｐｐｌｅ　Ｐａｙご利用分,[680485]
1295,2026/3/11,ＪＲ東日本エキナカ自販機　ａｃｕｒｅ,160,Ａｐｐｌｅ　Ｐａｙ／ＱＵＩＣＰａｙご利用分,[201987]
1295,2026/3/11,ポルタ,"1,960",Ａｐｐｌｅ　Ｐａｙご利用分,[002423]
1295,2026/3/11,ドトールコーヒー,400,Ａｐｐｌｅ　Ｐａｙご利用分,[692121]
1295,2026/3/11,快活ＣＬＵＢ　京急川崎駅前,700,Ａｐｐｌｅ　Ｐａｙ／ＱＵＩＣＰａｙご利用分,[404939]
1295,2026/3/11,セリア２６５１ウィングキッチン京急川崎店,330,Ａｐｐｌｅ　Ｐａｙご利用分,[272379]
1295,2026/3/11,ＮｅｗＤａｙｓ／ＫＩＯＳＫ,127,Ａｐｐｌｅ　Ｐａｙ／ＱＵＩＣＰａｙご利用分,[250727]
1295,2026/3/10,セリア２３０７サクラス戸塚店,110,Ａｐｐｌｅ　Ｐａｙご利用分,[239151]
1295,2026/3/10,三和サクラス戸塚店,768,Ａｐｐｌｅ　Ｐａｙ／ＱＵＩＣＰａｙご利用分,[222009]
1295,2026/3/10,セリア２３０７サクラス戸塚店,110,Ａｐｐｌｅ　Ｐａｙご利用分,[200703]
1295,2026/3/10,ファミリーマート　戸塚駅西口,140,Ａｐｐｌｅ　Ｐａｙご利用分,[033651]
1295,2026/3/10,ドラッグストアスマイル藤棚店,"1,085",Ａｐｐｌｅ　Ｐａｙ／ＱＵＩＣＰａｙご利用分,[497879]
1295,2026/3/10,まいばすけっと,338,Ａｐｐｌｅ　Ｐａｙご利用分,[222853]
1295,2026/3/10,メルカリ,800,Ａｐｐｌｅ　Ｐａｙご利用分,[213147]
1295,2026/3/9,三和サクラス戸塚店,375,Ａｐｐｌｅ　Ｐａｙ／ＱＵＩＣＰａｙご利用分,[525335]
1295,2026/3/9,業務スーパー　戸塚店,592,Ａｐｐｌｅ　Ｐａｙご利用分,[504541]
1295,2026/3/9,ケンタッキーフライドチキン,270,Ａｐｐｌｅ　Ｐａｙご利用分,[400471]
1295,2026/3/9,ＦＣＥｘ旭町通店,"1,848",Ａｐｐｌｅ　Ｐａｙご利用分,[378743]
1295,2026/3/9,ファミリーマート　トツカーナ,140,Ａｐｐｌｅ　Ｐａｙご利用分,[366843]
1295,2026/3/9,戸塚モディ,440,Ａｐｐｌｅ　Ｐａｙご利用分,[358385]
1295,2026/3/9,まいばすけっと,392,Ａｐｐｌｅ　Ｐａｙご利用分,[579929]
1295,2026/3/9,メルカリ,"2,500",Ａｐｐｌｅ　Ｐａｙご利用分,[565747]
1295,2026/3/8,三和サクラス戸塚店,578,Ａｐｐｌｅ　Ｐａｙ／ＱＵＩＣＰａｙご利用分,[946273]
1295,2026/3/8,セリア２３０７サクラス戸塚店,220,Ａｐｐｌｅ　Ｐａｙご利用分,[060269]
1295,2026/3/8,三和サクラス戸塚店,511,Ａｐｐｌｅ　Ｐａｙ／ＱＵＩＣＰａｙご利用分,[052465]
1295,2026/3/8,横浜市営地下鉄　タッチ決済,484,Ａｐｐｌｅ　Ｐａｙご利用分/（利用日）：２０２６年３月７日,[744275]
1295,2026/3/7,三和サクラス戸塚店,321,Ａｐｐｌｅ　Ｐａｙ／ＱＵＩＣＰａｙご利用分,[164467]
1295,2026/3/7,東急ストア,179,Ａｐｐｌｅ　Ｐａｙ／ＱＵＩＣＰａｙご利用分,[146899]
1295,2026/3/7,ファミリーマート　港南中央通,273,Ａｐｐｌｅ　Ｐａｙご利用分,[639571]
1295,2026/3/6,株式会社ウィズ,"4,160",,[443567]
1295,2026/3/6,まいばすけっと,65,Ａｐｐｌｅ　Ｐａｙご利用分,[405147]
1295,2026/3/6,ファミリーマート　戸塚駅西口,140,Ａｐｐｌｅ　Ｐａｙご利用分,[269337]
1295,2026/3/6,まいばすけっと,220,Ａｐｐｌｅ　Ｐａｙご利用分,[764755]
1295,2026/3/6,さくらんぼ薬局,"3,090",Ａｐｐｌｅ　Ｐａｙご利用分,[756207]
1295,2026/3/6,井出整形外科内科クリニック,600,Ａｐｐｌｅ　Ｐａｙご利用分,[731005]
1295,2026/3/6,ファミリーマート　横浜天王町,140,Ａｐｐｌｅ　Ｐａｙご利用分,[575823]
1295,2026/3/6,メルカリ,930,Ａｐｐｌｅ　Ｐａｙご利用分,[416111]
1295,2026/3/5,三和サクラス戸塚店,105,Ａｐｐｌｅ　Ｐａｙ／ＱＵＩＣＰａｙご利用分,[903539]
1295,2026/3/5,株式会社タイトー,10,Ａｐｐｌｅ　Ｐａｙ／ＱＵＩＣＰａｙご利用分,[750797]
1295,2026/3/5,ダイニー,"2,800",Ａｐｐｌｅ　Ｐａｙご利用分,[570493]
1295,2026/3/5,ベローチェ鴨居店,710,Ａｐｐｌｅ　Ｐａｙご利用分,[925533]
1295,2026/3/5,まいばすけっと,200,Ａｐｐｌｅ　Ｐａｙご利用分,[877213]
1295,2026/3/5,まいばすけっと,150,Ａｐｐｌｅ　Ｐａｙご利用分,[665903]
1295,2026/3/4,三和サクラス戸塚店,129,Ａｐｐｌｅ　Ｐａｙ／ＱＵＩＣＰａｙご利用分,[915389]
1295,2026/3/4,ファミリーマート　地下鉄戸塚駅,150,Ａｐｐｌｅ　Ｐａｙご利用分,[752137]
1295,2026/3/4,ＤＣＳ・ＥｎｅＪｅｔ狩場インター店,380,Ａｐｐｌｅ　Ｐａｙご利用分,[313747]
1295,2026/3/4,まいばすけっと,138,Ａｐｐｌｅ　Ｐａｙご利用分,[980577]
1295,2026/3/4,ファミリーマート　サンズ戸塚駅北,140,Ａｐｐｌｅ　Ｐａｙご利用分,[937039]
1295,2026/3/3,メルカリ,"1,499",Ａｐｐｌｅ　Ｐａｙご利用分,[389847]
1295,2026/3/3,三和サクラス戸塚店,211,Ａｐｐｌｅ　Ｐａｙ／ＱＵＩＣＰａｙご利用分,[256919]
1295,2026/3/3,ケンタッキーフライドチキン,270,Ａｐｐｌｅ　Ｐａｙご利用分,[042177]
1295,2026/3/3,ダイドードリンコ　飲料自販機,140,Ａｐｐｌｅ　Ｐａｙ／ＱＵＩＣＰａｙご利用分,[941455]
1295,2026/3/3,ファミリーマート　平塚駅北口,288,Ａｐｐｌｅ　Ｐａｙご利用分,[695019]
1295,2026/3/3,ＤＣＳ・平塚ユーユー駅前館店,310,Ａｐｐｌｅ　Ｐａｙご利用分,[671559]
1295,2026/3/3,まいばすけっと,212,Ａｐｐｌｅ　Ｐａｙご利用分,[551685]
1295,2026/3/2,三和サクラス戸塚店,825,Ａｐｐｌｅ　Ｐａｙ／ＱＵＩＣＰａｙご利用分,[614357]
1295,2026/3/2,ダイソー,110,Ａｐｐｌｅ　Ｐａｙご利用分,[420935]
1295,2026/3/2,まいばすけっと,837,Ａｐｐｌｅ　Ｐａｙご利用分,[583579]
1295,2026/3/2,ファミリーマート　トツカーナ,140,Ａｐｐｌｅ　Ｐａｙご利用分,[570037]
1295,2026/3/2,横浜市営地下鉄　タッチ決済,484,Ａｐｐｌｅ　Ｐａｙご利用分/（利用日）：２０２６年３月１日,[456825]
1295,2026/3/1,メルカリ,"2,500",Ａｐｐｌｅ　Ｐａｙご利用分,[153487]
1295,2026/3/1,三和サクラス戸塚店,147,Ａｐｐｌｅ　Ｐａｙ／ＱＵＩＣＰａｙご利用分,[664907]
1295,2026/3/1,業務スーパー　戸塚店,614,Ａｐｐｌｅ　Ｐａｙご利用分,[644473]
1295,2026/3/1,ヨークフーズ港南中央店,212,Ａｐｐｌｅ　Ｐａｙご利用分,[580921]
1295,2026/3/1,ファミリーマート　港南中央通,236,Ａｐｐｌｅ　Ｐａｙご利用分,[249851]
1295,2026/3/1,＊グ－グル　プレイ　アツプ,100,,[139979]
1295,2026/3/1,５倍塾受講生限定フォ－ラム,"3,300",,[823345]
1295,2026/3/1,５倍塾受講生限定フォ－ラム,"3,000",,[119157]
1295,2026/2/28,ローソン　トウキヨウテレポートエキマエ,364,Ａｐｐｌｅ　Ｐａｙ／ＱＵＩＣＰａｙご利用分,[840245]
1295,2026/2/28,アイハーブジャパンゴウドウガイシャ,"5,246",,[914655]
1295,2026/2/28,三和サクラス戸塚店,492,Ａｐｐｌｅ　Ｐａｙ／ＱＵＩＣＰａｙご利用分,[618791]
1295,2026/2/27,三和サクラス戸塚店,470,Ａｐｐｌｅ　Ｐａｙ／ＱＵＩＣＰａｙご利用分,[507189]
1295,2026/2/27,ファミリーマート　トツカーナ,140,Ａｐｐｌｅ　Ｐａｙご利用分,[304845]
1295,2026/2/27,まいばすけっと,632,Ａｐｐｌｅ　Ｐａｙご利用分,[375427]
1295,2026/2/27,ファミリーマート　トツカーナ,130,Ａｐｐｌｅ　Ｐａｙご利用分,[343419]
1295,2026/2/26,ファミリーマート　トツカーナ,140,Ａｐｐｌｅ　Ｐａｙご利用分,[829875]
1295,2026/2/26,赤から横浜西口店,"7,128",Ａｐｐｌｅ　Ｐａｙご利用分,[616987]
1295,2026/2/26,まいばすけっと,277,Ａｐｐｌｅ　Ｐａｙご利用分,[532843]
1295,2026/2/26,ローソン西横浜駅前,279,Ａｐｐｌｅ　Ｐａｙご利用分,[528583]
1295,2026/2/26,ファミリーマート　相鉄横浜駅,130,Ａｐｐｌｅ　Ｐａｙご利用分,[515999]
1295,2026/2/25,三和サクラス戸塚店,127,Ａｐｐｌｅ　Ｐａｙ／ＱＵＩＣＰａｙご利用分,[912127]
1295,2026/2/25,八洋〔飲料自販機〕,140,Ａｐｐｌｅ　Ｐａｙ／ＱＵＩＣＰａｙご利用分,[795569]
1295,2026/2/25,ｈｏｌｌｏ　ＳＨＩＢＵＹＡ,"13,200",Ａｐｐｌｅ　Ｐａｙご利用分,[789271]
1295,2026/2/25,サンマルクカフェ　西鉄イン新宿店,600,Ａｐｐｌｅ　Ｐａｙご利用分,[348611]
1295,2026/2/25,まいばすけっと,358,Ａｐｐｌｅ　Ｐａｙご利用分,[058427]
1295,2026/2/25,さくらんぼ薬局,"1,580",Ａｐｐｌｅ　Ｐａｙご利用分,[047109]
1295,2026/2/25,井出整形外科内科クリニック,610,Ａｐｐｌｅ　Ｐａｙご利用分,[988341]
1295,2026/2/25,セブン－イレブン横浜戸塚矢部町北店,"1,512",Ａｐｐｌｅ　Ｐａｙご利用分,[583047]
1295,2026/2/24,三和サクラス戸塚店,555,Ａｐｐｌｅ　Ｐａｙ／ＱＵＩＣＰａｙご利用分,[912939]
1295,2026/2/24,ＰＳビバレッジ〔飲料自販機〕,110,Ａｐｐｌｅ　Ｐａｙ／ＱＵＩＣＰａｙご利用分,[820891]
1295,2026/2/24,セブン－イレブン横浜旭区川島町店,182,Ａｐｐｌｅ　Ｐａｙご利用分,[546183]
1295,2026/2/24,ワタナベストアー　ビナワンフーズ海老名店,396,Ａｐｐｌｅ　Ｐａｙご利用分,[291101]
1295,2026/2/24,ノジマ　マルイファミリー海老名店,"1,780",Ａｐｐｌｅ　Ｐａｙご利用分,[275219]
1295,2026/2/24,ダイドードリンコ　飲料自販機,140,Ａｐｐｌｅ　Ｐａｙご利用分,[181257]
1295,2026/2/24,デイリーヤマザキ,46,Ａｐｐｌｅ　Ｐａｙご利用分,[958815]
1295,2026/2/24,横浜市営地下鉄　タッチ決済,544,Ａｐｐｌｅ　Ｐａｙご利用分/（利用日）：２０２６年２月２３日,[754517]
1295,2026/2/23,三和サクラス戸塚店,276,Ａｐｐｌｅ　Ｐａｙ／ＱＵＩＣＰａｙご利用分,[155095]
1295,2026/2/23,バーガーキング,230,Ａｐｐｌｅ　Ｐａｙご利用分,[960007]
1295,2026/2/23,４４　ａｐａｒｔｍｅｎｔ　海老名／ＳＢ,"3,256",Ａｐｐｌｅ　Ｐａｙご利用分,[580195]
1295,2026/2/23,ファミリーマート　サンズ戸塚駅北,140,Ａｐｐｌｅ　Ｐａｙご利用分,[330777]
1295,2026/2/23,横浜市営地下鉄　タッチ決済,484,Ａｐｐｌｅ　Ｐａｙご利用分/（利用日）：２０２６年２月２２日,[104891]
1295,2026/2/22,三和サクラス戸塚店,555,Ａｐｐｌｅ　Ｐａｙ／ＱＵＩＣＰａｙご利用分,[369747]
1295,2026/2/22,セリア２３０７サクラス戸塚店,110,Ａｐｐｌｅ　Ｐａｙご利用分,[349639]
1295,2026/2/22,業務スーパー　戸塚店,532,Ａｐｐｌｅ　Ｐａｙご利用分,[334855]
1295,2026/2/22,ファミリーマート　港南中央通,246,Ａｐｐｌｅ　Ｐａｙご利用分,[025607]
1295,2026/2/22,株式会社ウィズ,"1,100",,[829211]
1295,2026/2/22,横浜市営地下鉄　タッチ決済,484,Ａｐｐｌｅ　Ｐａｙご利用分/（利用日）：２０２６年２月２１日,[406399]
1295,2026/2/21,ＮｅｗＤａｙｓ／ＫＩＯＳＫ,151,Ａｐｐｌｅ　Ｐａｙ／ＱＵＩＣＰａｙご利用分,[077667]
1295,2026/2/21,フード＆タイム　イセタン　ヨコハマ,"2,750",Ａｐｐｌｅ　Ｐａｙご利用分,[069289]
1295,2026/2/21,ヨークフーズ港南中央店,393,Ａｐｐｌｅ　Ｐａｙご利用分,[722217]
1295,2026/2/21,ファミリーマート　港南中央通,140,Ａｐｐｌｅ　Ｐａｙご利用分,[913667]
1295,2026/2/21,ヨークフーズ港南中央店,418,Ａｐｐｌｅ　Ｐａｙご利用分,[907683]
1295,2026/2/21,ケンタッキーフライドチキン,270,Ａｐｐｌｅ　Ｐａｙご利用分,[842629]
1295,2026/2/20,メルカリ,"6,800",Ａｐｐｌｅ　Ｐａｙご利用分,[355137]
1295,2026/2/20,三和サクラス戸塚店,239,Ａｐｐｌｅ　Ｐａｙ／ＱＵＩＣＰａｙご利用分,[008841]
1295,2026/2/20,１２７８マツモトキヨシトツカーナモール店,"1,650",Ａｐｐｌｅ　Ｐａｙご利用分,[993289]
1295,2026/2/20,ＳＱ＊ＰＣクリニック,"2,200",Ａｐｐｌｅ　Ｐａｙご利用分,[731711]
1295,2026/2/20,ファミリーマート　都筑富士見が丘,32,Ａｐｐｌｅ　Ｐａｙご利用分,[678651]
1295,2026/2/20,ダイドードリンコ　飲料自販機,120,Ａｐｐｌｅ　Ｐａｙご利用分,[659269]
1295,2026/2/20,ダイドードリンコ　飲料自販機,110,Ａｐｐｌｅ　Ｐａｙ／ＱＵＩＣＰａｙご利用分,[434547]
1295,2026/2/20,ららぽーと横浜,390,Ａｐｐｌｅ　Ｐａｙ／ＱＵＩＣＰａｙご利用分,[365229]
1295,2026/2/20,まいばすけっと,105,Ａｐｐｌｅ　Ｐａｙご利用分,[981711]
1295,2026/2/19,三和サクラス戸塚店,430,Ａｐｐｌｅ　Ｐａｙ／ＱＵＩＣＰａｙご利用分,[148321]
1295,2026/2/19,サーティワンアイスクリーム,420,Ａｐｐｌｅ　Ｐａｙご利用分,[707261]
1295,2026/2/19,マルエツ　四季の森フォレオ,740,Ａｐｐｌｅ　Ｐａｙご利用分,[649501]
1295,2026/2/19,青少年センター駐車場,"1,200",Ａｐｐｌｅ　Ｐａｙご利用分,[560243]
1295,2026/2/18,セブン－イレブン小田急小田原店,"1,680",Ａｐｐｌｅ　Ｐａｙご利用分,[690925]
1295,2026/2/18,一〇八抹茶茶廊,400,Ａｐｐｌｅ　Ｐａｙご利用分,[658373]
1295,2026/2/18,ＮｅｗＤａｙｓ／ＫＩＯＳＫ,150,Ａｐｐｌｅ　Ｐａｙ／ＱＵＩＣＰａｙご利用分,[680287]
1295,2026/2/18,ＮｅｗＤａｙｓ／ＫＩＯＳＫ,183,Ａｐｐｌｅ　Ｐａｙ／ＱＵＩＣＰａｙご利用分,[640649]
1295,2026/2/18,ＪＲ　東日本,"9,680",,[638497]
1295,2026/2/17,ローソン横浜ポルタ,192,Ａｐｐｌｅ　Ｐａｙご利用分,[212647]
1295,2026/2/17,横浜ベイクォーター,"2,660",Ａｐｐｌｅ　Ｐａｙご利用分,[192373]
1295,2026/2/17,Ｓｕｉｃａ〔携帯決済〕,"10,000",Ａｐｐｌｅ　Ｐａｙご利用分,[907301]
1295,2026/2/17,Ｓｕｉｃａ［携帯決済］,"11,890",Ａｐｐｌｅ　Ｐａｙご利用分,[905867]
1295,2026/2/17,ローソン寒川岡田,175,Ａｐｐｌｅ　Ｐａｙご利用分,[616759]
1295,2026/2/17,ローソン寒川岡田,185,Ａｐｐｌｅ　Ｐａｙご利用分,[150765]
1295,2026/2/16,さくらんぼ薬局,"1,010",Ａｐｐｌｅ　Ｐａｙご利用分,[287891]
1295,2026/2/16,まいばすけっと,299,Ａｐｐｌｅ　Ｐａｙご利用分,[276581]
1295,2026/2/16,井出整形外科内科クリニック,590,Ａｐｐｌｅ　Ｐａｙご利用分,[264339]
1295,2026/2/16,ラゾーナ川崎プラザ,"1,595",Ａｐｐｌｅ　Ｐａｙ／ＱＵＩＣＰａｙご利用分,[179221]
1295,2026/2/16,ナチュラルローソン川崎フロンティアビル,181,Ａｐｐｌｅ　Ｐａｙご利用分,[884105]
1295,2026/2/16,ナチュラルローソン川崎フロンティアビル,452,Ａｐｐｌｅ　Ｐａｙご利用分,[847071]
1295,2026/2/16,まいばすけっと,105,Ａｐｐｌｅ　Ｐａｙご利用分,[565773]
1295,2026/2/16,横浜市営地下鉄　タッチ決済,484,Ａｐｐｌｅ　Ｐａｙご利用分/（利用日）：２０２６年２月１５日,[364383]
1295,2026/2/15,メルカリ,"1,580",Ａｐｐｌｅ　Ｐａｙご利用分,[060555]
1295,2026/2/15,三和サクラス戸塚店,287,Ａｐｐｌｅ　Ｐａｙ／ＱＵＩＣＰａｙご利用分,[640179]
1295,2026/2/15,アエナサクラス戸塚店,"1,401",Ａｐｐｌｅ　Ｐａｙご利用分,[626147]
1295,2026/2/15,ファミリーマート　港南中央通,447,Ａｐｐｌｅ　Ｐａｙご利用分,[999093]
1295,2026/2/15,サンマルクカフェ　戸塚店,370,Ａｐｐｌｅ　Ｐａｙご利用分,[784491]
1295,2026/2/14,ＡＰＰＬＥ．ＣＯＭ／ＢＩＬＬ,800,（利用日）：２０２６年２月１５日,[697387]
1295,2026/2/14,ファミリーマート　サンズ戸塚駅北,200,,[671325]
1295,2026/2/13,三和サクラス戸塚店,415,Ａｐｐｌｅ　Ｐａｙ／ＱＵＩＣＰａｙご利用分,[186381]
1295,2026/2/13,ツルハドラッグ,963,Ａｐｐｌｅ　Ｐａｙ／ＱＵＩＣＰａｙご利用分,[060735]
1295,2026/2/13,戸塚モディ,550,Ａｐｐｌｅ　Ｐａｙご利用分,[039555]
1295,2026/2/13,ファミリーマート　京急川崎駅前,46,Ａｐｐｌｅ　Ｐａｙご利用分,[348585]
1295,2026/2/13,ナチュラルローソン川崎フロンティアビル,505,Ａｐｐｌｅ　Ｐａｙご利用分,[327347]
1295,2026/2/13,横浜市営地下鉄　タッチ決済,420,Ａｐｐｌｅ　Ｐａｙご利用分/（利用日）：２０２６年２月１２日,[964181]
1295,2026/2/12,三和サクラス戸塚店,548,Ａｐｐｌｅ　Ｐａｙ／ＱＵＩＣＰａｙご利用分,[174279]
1295,2026/2/12,アサヒ飲料販売　飲料自販機,160,Ａｐｐｌｅ　Ｐａｙ／ＱＵＩＣＰａｙご利用分,[951555]
1295,2026/2/12,ファミリーマート　横浜舞岡町,182,Ａｐｐｌｅ　Ｐａｙご利用分,[750773]
1295,2026/2/12,東急ストア,462,Ａｐｐｌｅ　Ｐａｙ／ＱＵＩＣＰａｙご利用分,[726561]
1295,2026/2/12,東京キリン,140,Ａｐｐｌｅ　Ｐａｙ／ＱＵＩＣＰａｙご利用分,[610637]
1295,2026/2/12,セリア２３０７サクラス戸塚店,110,Ａｐｐｌｅ　Ｐａｙご利用分,[583837]
1295,2026/2/11,三和サクラス戸塚店,110,Ａｐｐｌｅ　Ｐａｙ／ＱＵＩＣＰａｙご利用分,[811673]
1295,2026/2/11,セリア２３０７サクラス戸塚店,110,Ａｐｐｌｅ　Ｐａｙご利用分,[802771]
1295,2026/2/11,ＬＡＢＩ藤沢,"2,178",Ａｐｐｌｅ　Ｐａｙご利用分,[729385]
1295,2026/2/11,釜めし菜時記　さき亭／ＳＢ,"4,790",Ａｐｐｌｅ　Ｐａｙご利用分,[687697]
1295,2026/2/11,新江ノ島水族館　オーシャンバー,660,Ａｐｐｌｅ　Ｐａｙご利用分,[118145]
1295,2026/2/11,ＮｅｗＤａｙｓ／ＫＩＯＳＫ,273,Ａｐｐｌｅ　Ｐａｙ／ＱＵＩＣＰａｙご利用分,[896887]
1295,2026/2/10,三和サクラス戸塚店,809,Ａｐｐｌｅ　Ｐａｙ／ＱＵＩＣＰａｙご利用分,[886651]
1295,2026/2/10,業務スーパー　戸塚店,992,Ａｐｐｌｅ　Ｐａｙご利用分,[869729]
1295,2026/2/10,ケンタッキーフライドチキン,270,Ａｐｐｌｅ　Ｐａｙご利用分,[815197]
1295,2026/2/10,まいばすけっと,105,Ａｐｐｌｅ　Ｐａｙご利用分,[801085]
1295,2026/2/10,ＤＣＳ・ＥｎｅＪｅｔ狩場インター店,610,Ａｐｐｌｅ　Ｐａｙご利用分,[281595]
1295,2026/2/10,ミニストップ,54,Ａｐｐｌｅ　Ｐａｙご利用分,[146825]
1295,2026/2/10,ミニストップ,108,Ａｐｐｌｅ　Ｐａｙご利用分,[122477]
1295,2026/2/10,ファミリーマート　横浜天王町,27,Ａｐｐｌｅ　Ｐａｙご利用分,[069845]
1295,2026/2/9,コンパス薬局横浜西,"1,070",Ａｐｐｌｅ　Ｐａｙご利用分,[289187]
1295,2026/2/9,サミット,575,Ａｐｐｌｅ　Ｐａｙご利用分,[284021]
1295,2026/2/9,まいばすけっと,371,Ａｐｐｌｅ　Ｐａｙご利用分,[417213]
1295,2026/2/8,三和サクラス戸塚店,440,Ａｐｐｌｅ　Ｐａｙ／ＱＵＩＣＰａｙご利用分,[604461]
1295,2026/2/8,まいばすけっと,427,Ａｐｐｌｅ　Ｐａｙご利用分,[391103]
1295,2026/2/8,アエナサクラス戸塚店,291,Ａｐｐｌｅ　Ｐａｙご利用分,[288207]
1295,2026/2/8,サンマルクカフェ　戸塚店,460,Ａｐｐｌｅ　Ｐａｙご利用分,[853249]
1295,2026/2/8,横浜市営地下鉄　タッチ決済,420,Ａｐｐｌｅ　Ｐａｙご利用分/（利用日）：２０２６年２月７日,[685443]
1295,2026/2/7,セリア２３０７サクラス戸塚店,220,Ａｐｐｌｅ　Ｐａｙご利用分,[123123]
1295,2026/2/7,三和サクラス戸塚店,264,Ａｐｐｌｅ　Ｐａｙ／ＱＵＩＣＰａｙご利用分,[977509]
1295,2026/2/7,アサヒ飲料販売　飲料自販機,170,Ａｐｐｌｅ　Ｐａｙ／ＱＵＩＣＰａｙご利用分,[499433]
1295,2026/2/7,ファミリーマート　地下鉄戸塚駅,150,Ａｐｐｌｅ　Ｐａｙご利用分,[366241]
1295,2026/2/7,東急ストア,289,Ａｐｐｌｅ　Ｐａｙ／ＱＵＩＣＰａｙご利用分,[363163]
1295,2026/2/7,ローソン戸塚駅西口,100,Ａｐｐｌｅ　Ｐａｙご利用分,[279009]
1295,2026/2/7,カフェジュニア戸塚駅西口店,460,Ａｐｐｌｅ　Ｐａｙご利用分,[273099]
1295,2026/2/6,三和サクラス戸塚店,803,Ａｐｐｌｅ　Ｐａｙ／ＱＵＩＣＰａｙご利用分,[450163]
1295,2026/2/6,ファミリーマート　地下鉄戸塚駅,150,Ａｐｐｌｅ　Ｐａｙご利用分,[284993]
1295,2026/2/6,まいばすけっと,835,Ａｐｐｌｅ　Ｐａｙご利用分,[464015]
1295,2026/2/5,三和サクラス戸塚店,528,Ａｐｐｌｅ　Ｐａｙ／ＱＵＩＣＰａｙご利用分,[708685]
1295,2026/2/5,アエナサクラス戸塚店,510,Ａｐｐｌｅ　Ｐａｙご利用分,[699173]
1295,2026/2/5,ファミリーマート　地下鉄戸塚駅,130,Ａｐｐｌｅ　Ｐａｙご利用分,[542497]
1295,2026/2/5,まいばすけっと,349,Ａｐｐｌｅ　Ｐａｙご利用分,[760915]
1295,2026/2/4,株式会社ウィズ,"4,160",,[057025]
1295,2026/2/4,三和サクラス戸塚店,311,Ａｐｐｌｅ　Ｐａｙ／ＱＵＩＣＰａｙご利用分,[940623]
1295,2026/2/4,２２１３ハックドラッグサクラス戸塚店,620,Ａｐｐｌｅ　Ｐａｙご利用分,[931925]
1295,2026/2/4,ＤＣＳ・茅ヶ崎南口店,590,Ａｐｐｌｅ　Ｐａｙご利用分,[340515]
1295,2026/2/4,メルカリ,"5,800",Ａｐｐｌｅ　Ｐａｙご利用分,[219885]
1295,2026/2/3,２２１３ハックドラッグサクラス戸塚店,"1,020",Ａｐｐｌｅ　Ｐａｙご利用分,[472247]
1295,2026/2/3,セリア２３０７サクラス戸塚店,220,Ａｐｐｌｅ　Ｐａｙご利用分,[464281]
1295,2026/2/3,業務スーパー　戸塚店,919,Ａｐｐｌｅ　Ｐａｙご利用分,[453755]
1295,2026/2/3,まいばすけっと,150,Ａｐｐｌｅ　Ｐａｙご利用分,[310297]
1295,2026/2/3,まいばすけっと,349,Ａｐｐｌｅ　Ｐａｙご利用分,[524605]
1295,2026/2/2,三和サクラス戸塚店,652,Ａｐｐｌｅ　Ｐａｙ／ＱＵＩＣＰａｙご利用分,[838645]
1295,2026/2/2,まいばすけっと,330,Ａｐｐｌｅ　Ｐａｙご利用分,[671897]
1295,2026/2/2,まいばすけっと,349,Ａｐｐｌｅ　Ｐａｙご利用分,[853529]
1295,2026/2/2,横浜市営地下鉄　タッチ決済,484,Ａｐｐｌｅ　Ｐａｙご利用分/（利用日）：２０２６年２月１日,[711805]
1295,2026/2/1,三和サクラス戸塚店,62,Ａｐｐｌｅ　Ｐａｙ／ＱＵＩＣＰａｙご利用分,[925605]
1295,2026/2/1,ヨークフーズ港南中央店,436,Ａｐｐｌｅ　Ｐａｙご利用分,[878385]
1295,2026/2/1,メルカリ,"1,999",Ａｐｐｌｅ　Ｐａｙご利用分,[682267]
1295,2026/2/1,ファミリーマート　港南中央通,364,Ａｐｐｌｅ　Ｐａｙご利用分,[251195]
1295,2026/2/1,ヨークフーズ港南中央店,361,Ａｐｐｌｅ　Ｐａｙご利用分,[236081]
1295,2026/2/1,５倍塾受講生限定フォ－ラム,"3,300",,[174521]
1295,2026/2/1,５倍塾受講生限定フォ－ラム,"3,000",,[597847]
1295,2026/1/31,三和サクラス戸塚店,531,Ａｐｐｌｅ　Ｐａｙ／ＱＵＩＣＰａｙご利用分,[112419]
1295,2026/1/31,まいばすけっと,569,Ａｐｐｌｅ　Ｐａｙご利用分,[365269]
1295,2026/1/31,ファミリーマート　相鉄横浜駅,299,Ａｐｐｌｅ　Ｐａｙご利用分,[078595]
1295,2026/1/30,三和サクラス戸塚店,275,Ａｐｐｌｅ　Ｐａｙ／ＱＵＩＣＰａｙご利用分,[144637]
1295,2026/1/30,まいばすけっと,589,Ａｐｐｌｅ　Ｐａｙご利用分,[285017]
1295,2026/1/29,２２１３ハックドラッグサクラス戸塚店,577,Ａｐｐｌｅ　Ｐａｙご利用分,[211527]
1295,2026/1/29,シァル横浜,"2,275",Ａｐｐｌｅ　Ｐａｙ／ＱＵＩＣＰａｙご利用分,[008525]
1295,2026/1/29,ポルタ,769,Ａｐｐｌｅ　Ｐａｙご利用分,[955461]
1295,2026/1/29,ポルタ,"1,701",Ａｐｐｌｅ　Ｐａｙご利用分,[944293]
1295,2026/1/29,さくらんぼ薬局,890,Ａｐｐｌｅ　Ｐａｙご利用分,[901511]
1295,2026/1/29,Ａｍａｚｏｎ　Ｍａｒｋｅｔ　Ｐｌａｃｅ,"6,395",（利用日）：２０２６年１月３０日,[732395]
1295,2026/1/29,まいばすけっと,258,Ａｐｐｌｅ　Ｐａｙご利用分,[566431]
1295,2026/1/28,三和サクラス戸塚店,211,Ａｐｐｌｅ　Ｐａｙ／ＱＵＩＣＰａｙご利用分,[816157]
1295,2026/1/28,ケンタッキーフライドチキン,270,Ａｐｐｌｅ　Ｐａｙご利用分,[613961]
1295,2026/1/28,Ｓｕｉｃａ〔携帯決済〕,"10,000",Ａｐｐｌｅ　Ｐａｙご利用分,[533325]
1295,2026/1/28,ダイドードリンコ　飲料自販機,130,Ａｐｐｌｅ　Ｐａｙ／ＱＵＩＣＰａｙご利用分,[324881]
1295,2026/1/28,ラスカ平塚,480,Ａｐｐｌｅ　Ｐａｙ／ＱＵＩＣＰａｙご利用分,[189571]
1295,2026/1/28,ＪＲ東日本エキナカ自販機　ａｃｕｒｅ,120,Ａｐｐｌｅ　Ｐａｙ／ＱＵＩＣＰａｙご利用分,[114811]
1295,2026/1/28,まいばすけっと,462,Ａｐｐｌｅ　Ｐａｙご利用分,[056133]
1295,2026/1/28,ダイドードリンコ　飲料自販機,110,Ａｐｐｌｅ　Ｐａｙご利用分,[875033]
1295,2026/1/27,クリエイトエス・ディー,360,Ａｐｐｌｅ　Ｐａｙご利用分,[881925]
1295,2026/1/27,スターバックスコーヒー,480,Ａｐｐｌｅ　Ｐａｙご利用分,[578447]
1295,2026/1/26,三和サクラス戸塚店,429,Ａｐｐｌｅ　Ｐａｙ／ＱＵＩＣＰａｙご利用分,[459287]
1295,2026/1/26,業務スーパー　戸塚店,"1,581",Ａｐｐｌｅ　Ｐａｙご利用分,[446787]
1295,2026/1/26,ファミリーマート　相鉄横浜駅,150,Ａｐｐｌｅ　Ｐａｙご利用分,[251377]
1295,2026/1/26,まいばすけっと,278,Ａｐｐｌｅ　Ｐａｙご利用分,[707163]
1295,2026/1/26,まいばすけっと,806,Ａｐｐｌｅ　Ｐａｙご利用分,[435453]
1295,2026/1/25,三和サクラス戸塚店,859,Ａｐｐｌｅ　Ｐａｙ／ＱＵＩＣＰａｙご利用分,[517515]
1295,2026/1/25,無印良品,"1,790",Ａｐｐｌｅ　Ｐａｙご利用分,[505145]
1295,2026/1/25,戸塚モディ,548,Ａｐｐｌｅ　Ｐａｙご利用分,[483669]
1295,2026/1/25,ＳｗｉｔｃｈＢｏｔ株式会社,"7,633",,[392825]
1295,2026/1/25,ＤＣＳ・藤沢北口駅前店,280,Ａｐｐｌｅ　Ｐａｙご利用分,[152837]
1295,2026/1/25,ＳＱ＊ｇｒａｎｏ,"6,180",Ａｐｐｌｅ　Ｐａｙご利用分,[989559]
1295,2026/1/25,横浜市営地下鉄　タッチ決済,484,Ａｐｐｌｅ　Ｐａｙご利用分/（利用日）：２０２６年１月２４日,[491377]
1295,2026/1/24,バーガーキング,460,Ａｐｐｌｅ　Ｐａｙご利用分,[093895]
1295,2026/1/24,万豚記,"2,640",Ａｐｐｌｅ　Ｐａｙご利用分,[053511]
1295,2026/1/24,ヨークフーズ港南中央店,150,Ａｐｐｌｅ　Ｐａｙご利用分,[803891]
1295,2026/1/24,ファミリーマート　港南中央通,182,Ａｐｐｌｅ　Ｐａｙご利用分,[955673]
1295,2026/1/24,ケンタッキーフライドチキン,550,Ａｐｐｌｅ　Ｐａｙご利用分,[879705]
1295,2026/1/23,三和サクラス戸塚店,375,Ａｐｐｌｅ　Ｐａｙ／ＱＵＩＣＰａｙご利用分,[984319]
1295,2026/1/23,まいばすけっと,135,Ａｐｐｌｅ　Ｐａｙご利用分,[695031]
1295,2026/1/23,ＳＱ＊ｈｏｌｌｏ,"6,000",Ａｐｐｌｅ　Ｐａｙご利用分,[092433]
1295,2026/1/22,業務スーパー　戸塚店,321,Ａｐｐｌｅ　Ｐａｙご利用分,[107467]
1295,2026/1/22,まいばすけっと,160,Ａｐｐｌｅ　Ｐａｙご利用分,[961553]
1295,2026/1/22,ラスカ茅ヶ崎,"1,100",Ａｐｐｌｅ　Ｐａｙ／ＱＵＩＣＰａｙご利用分,[906777]
1295,2026/1/22,セブン－イレブン茅ヶ崎今宿東店,108,Ａｐｐｌｅ　Ｐａｙご利用分,[685399]
1295,2026/1/22,スーパーマルヤマ　藤棚店,186,Ａｐｐｌｅ　Ｐａｙご利用分,[366459]
1295,2026/1/21,三和サクラス戸塚店,211,Ａｐｐｌｅ　Ｐａｙ／ＱＵＩＣＰａｙご利用分,[489371]
1295,2026/1/21,業務スーパー　戸塚店,630,Ａｐｐｌｅ　Ｐａｙご利用分,[462593]
1295,2026/1/21,まいばすけっと,160,Ａｐｐｌｅ　Ｐａｙご利用分,[318333]
1295,2026/1/21,スギ薬局西新宿医大前店,261,Ａｐｐｌｅ　Ｐａｙご利用分,[188387]
1295,2026/1/21,メルカリ,500,Ａｐｐｌｅ　Ｐａｙご利用分,[989159]
1295,2026/1/21,メルカリ,"2,250",Ａｐｐｌｅ　Ｐａｙご利用分,[983655]
1295,2026/1/21,まいばすけっと,622,Ａｐｐｌｅ　Ｐａｙご利用分,[540303]
1295,2026/1/20,東急ストア,105,Ａｐｐｌｅ　Ｐａｙ／ＱＵＩＣＰａｙご利用分,[679877]
1295,2026/1/20,まいばすけっと,579,Ａｐｐｌｅ　Ｐａｙご利用分,[405161]
1295,2026/1/20,ＤＣＳ・海老名ビナウォーク店,300,Ａｐｐｌｅ　Ｐａｙご利用分,[278057]
1295,2026/1/20,デイリーヤマザキ,524,Ａｐｐｌｅ　Ｐａｙご利用分,[209003]
1295,2026/1/20,デイリーヤマザキ,182,Ａｐｐｌｅ　Ｐａｙご利用分,[959141]
1295,2026/1/19,三和サクラス戸塚店,457,Ａｐｐｌｅ　Ｐａｙ／ＱＵＩＣＰａｙご利用分,[167883]
1295,2026/1/19,アエナサクラス戸塚店,"2,967",Ａｐｐｌｅ　Ｐａｙご利用分,[154837]
1295,2026/1/19,無印良品,299,Ａｐｐｌｅ　Ｐａｙご利用分,[135963]
1295,2026/1/19,ココカラファイン,741,Ａｐｐｌｅ　Ｐａｙご利用分,[654627]
1295,2026/1/19,バーガーキング,840,Ａｐｐｌｅ　Ｐａｙご利用分,[500061]
1295,2026/1/19,まいばすけっと,150,Ａｐｐｌｅ　Ｐａｙご利用分,[323921]
1295,2026/1/18,サミット,579,Ａｐｐｌｅ　Ｐａｙご利用分,[360637]
1295,2026/1/18,セリア２３０７サクラス戸塚店,110,Ａｐｐｌｅ　Ｐａｙご利用分,[998581]
1295,2026/1/18,東急ストア,591,Ａｐｐｌｅ　Ｐａｙ／ＱＵＩＣＰａｙご利用分,[848855]
1295,2026/1/18,戸塚モディ,438,Ａｐｐｌｅ　Ｐａｙご利用分,[831203]
1295,2026/1/18,サンマルクカフェ　戸塚店,370,Ａｐｐｌｅ　Ｐａｙご利用分,[600651]
1295,2026/1/17,ファミリーマート　サンズ戸塚駅北,478,,[542347]
1295,2026/1/17,セリア２３０７サクラス戸塚店,220,Ａｐｐｌｅ　Ｐａｙご利用分,[950785]
1295,2026/1/17,三和サクラス戸塚店,738,Ａｐｐｌｅ　Ｐａｙ／ＱＵＩＣＰａｙご利用分,[943805]
1295,2026/1/16,三和サクラス戸塚店,492,Ａｐｐｌｅ　Ｐａｙ／ＱＵＩＣＰａｙご利用分,[088535]
1295,2026/1/16,業務スーパー　戸塚店,537,Ａｐｐｌｅ　Ｐａｙご利用分,[928067]
1295,2026/1/16,東急ストア,105,Ａｐｐｌｅ　Ｐａｙ／ＱＵＩＣＰａｙご利用分,[912853]
1295,2026/1/16,Ｓｕｉｃａ〔携帯決済〕,"10,000",Ａｐｐｌｅ　Ｐａｙご利用分,[502595]
1295,2026/1/16,ナチュラルローソン川崎フロンティアビル,258,Ａｐｐｌｅ　Ｐａｙご利用分,[356043]
1295,2026/1/16,ユカ飲料自販機,110,Ａｐｐｌｅ　Ｐａｙ／ＱＵＩＣＰａｙご利用分,[244607]