日付,方法,カテゴリ,カテゴリの内訳,支払元,入金先,品目,メモ,お店,通貨,収入,支出,振替,残高調整,通貨変換前の金額,集計の設定
2026-01-16,payment,食費,朝ご飯,Suica,-,オールドファッション,,ミスタードーナツ茅ケ崎北口ショップ,"（プレミアム会員で表示）",0,176,"（プレミアム会員で表示）","（プレミアム会員で表示）","（プレミアム会員で表示）","（プレミアム会員で表示）"
2026-01-16,payment,食費,朝ご飯,Suica,-,モーニングド.JンクBセット,,ミスタードーナツ茅ケ崎北口ショップ,"（プレミアム会員で表示）",0,265,"（プレミアム会員で表示）","（プレミアム会員で表示）","（プレミアム会員で表示）","（プレミアム会員で表示）"
2026-01-21,payment,食費,カフェ,Suica,-,ロイヤルミルクティーS,,ベックスコーヒー横浜北口店,"（プレミアム会員で表示）",0,500,"（プレミアム会員で表示）","（プレミアム会員で表示）","（プレミアム会員で表示）","（プレミアム会員で表示）"
2026-01-21,payment,食費,カフェ,Suica,-,割引,,ベックスコーヒー横浜北口店,"（プレミアム会員で表示）",0,-390,"（プレミアム会員で表示）","（プレミアム会員で表示）","（プレミアム会員で表示）","（プレミアム会員で表示）"
2026-01-22,payment,食費,昼ご飯,Suica,-,luuL鴨,,"キッチンオリジン 藤棚店","（プレミアム会員で表示）",0,499,"（プレミアム会員で表示）","（プレミアム会員で表示）","（プレミアム会員で表示）","（プレミアム会員で表示）"
2026-01-22,payment,食費,昼ご飯,Suica,-,,,"キッチンオリジン 藤棚店","（プレミアム会員で表示）",0,39,"（プレミアム会員で表示）","（プレミアム会員で表示）","（プレミアム会員で表示）","（プレミアム会員で表示）"
2026-01-23,payment,食費,朝ご飯,Suica,-,オールドファッション,,"ミスタードーナツ 戸塚西口ショップ","（プレミアム会員で表示）",0,176,"（プレミアム会員で表示）","（プレミアム会員で表示）","（プレミアム会員で表示）","（プレミアム会員で表示）"
2026-01-23,payment,食費,朝ご飯,Suica,-,モーニングドリンク日セット,,"ミスタードーナツ 戸塚西口ショップ","（プレミアム会員で表示）",0,265,"（プレミアム会員で表示）","（プレミアム会員で表示）","（プレミアム会員で表示）","（プレミアム会員で表示）"
2026-01-23,payment,食費,朝ご飯,Suica,-,オールドファッション,,ミスタードーナツ中山ショップ,"（プレミアム会員で表示）",0,176,"（プレミアム会員で表示）","（プレミアム会員で表示）","（プレミアム会員で表示）","（プレミアム会員で表示）"
2026-01-23,payment,食費,昼ご飯,Suica,-,ロイヤルミルクティ,,ミスタードーナツ中山ショップ,"（プレミアム会員で表示）",0,363,"（プレミアム会員で表示）","（プレミアム会員で表示）","（プレミアム会員で表示）","（プレミアム会員で表示）"
2026-02-04,payment,食費,朝ご飯,Suica,-,オールドファッション,,ミスタードーナツ茅ケ崎北口ショップ,"（プレミアム会員で表示）",0,176,"（プレミアム会員で表示）","（プレミアム会員で表示）","（プレミアム会員で表示）","（プレミアム会員で表示）"
2026-02-04,payment,食費,朝ご飯,Suica,-,モーニングドリンクBセット,,ミスタードーナツ茅ケ崎北口ショップ,"（プレミアム会員で表示）",0,265,"（プレミアム会員で表示）","（プレミアム会員で表示）","（プレミアム会員で表示）","（プレミアム会員で表示）"
2026-02-11,payment,交際費,その他,Suica,-,鳩サブレー8枚折,,-,"（プレミアム会員で表示）",0,1220,"（プレミアム会員で表示）","（プレミアム会員で表示）","（プレミアム会員で表示）","（プレミアム会員で表示）"
2026-02-13,payment,食費,朝ご飯,Suica,-,ハニーチュロ,,"ミスタードーナツ 戸塚西口ショップ","（プレミアム会員で表示）",0,176,"（プレミアム会員で表示）","（プレミアム会員で表示）","（プレミアム会員で表示）","（プレミアム会員で表示）"
2026-02-13,payment,食費,朝ご飯,Suica,-,モーニングドリンク日セット,,"ミスタードーナツ 戸塚西口ショップ","（プレミアム会員で表示）",0,265,"（プレミアム会員で表示）","（プレミアム会員で表示）","（プレミアム会員で表示）","（プレミアム会員で表示）"
2026-02-27,payment,教育・教養,その他,Suica,-,,,-,"（プレミアム会員で表示）",0,120,"（プレミアム会員で表示）","（プレミアム会員で表示）","（プレミアム会員で表示）","（プレミアム会員で表示）"
2026-03-02,payment,食費,カフェ,Suica,-,回数券,,ベックスコーヒー横浜駅南口店,"（プレミアム会員で表示）",0,1750,"（プレミアム会員で表示）","（プレミアム会員で表示）","（プレミアム会員で表示）","（プレミアム会員で表示）"
2026-03-02,payment,食費,カフェ,Suica,-,,,ベックスコーヒー横浜駅南口店,"（プレミアム会員で表示）",0,390,"（プレミアム会員で表示）","（プレミアム会員で表示）","（プレミアム会員で表示）","（プレミアム会員で表示）"
2026-03-02,payment,食費,カフェ,Suica,-,割引,,ベックスコーヒー横浜駅南口店,"（プレミアム会員で表示）",0,-390,"（プレミアム会員で表示）","（プレミアム会員で表示）","（プレミアム会員で表示）","（プレミアム会員で表示）"
2026-03-05,payment,交際費,その他,Suica,-,,,-,"（プレミアム会員で表示）",0,200,"（プレミアム会員で表示）","（プレミアム会員で表示）","（プレミアム会員で表示）","（プレミアム会員で表示）"
2026-03-08,payment,教育・教養,習い事,Suica,-,,,-,"（プレミアム会員で表示）",0,360,"（プレミアム会員で表示）","（プレミアム会員で表示）","（プレミアム会員で表示）","（プレミアム会員で表示）"
2026-03-12,payment,教育・教養,習い事,Suica,-,,,-,"（プレミアム会員で表示）",0,120,"（プレミアム会員で表示）","（プレミアム会員で表示）","（プレミアム会員で表示）","（プレミアム会員で表示）"
2026-03-13,payment,食費,カフェ,Suica,-,1:g,,ベックスコーヒー横浜駅南口店,"（プレミアム会員で表示）",0,500,"（プレミアム会員で表示）","（プレミアム会員で表示）","（プレミアム会員で表示）","（プレミアム会員で表示）"
2026-03-13,payment,食費,カフェ,Suica,-,割引,,ベックスコーヒー横浜駅南口店,"（プレミアム会員で表示）",0,-390,"（プレミアム会員で表示）","（プレミアム会員で表示）","（プレミアム会員で表示）","（プレミアム会員で表示）"
2026-03-14,payment,食費,その他,Suica,-,,,-,"（プレミアム会員で表示）",0,140,"（プレミアム会員で表示）","（プレミアム会員で表示）","（プレミアム会員で表示）","（プレミアム会員で表示）"
2026-03-18,payment,食費,朝ご飯,-,-,,,-,"（プレミアム会員で表示）",0,363,"（プレミアム会員で表示）","（プレミアム会員で表示）","（プレミアム会員で表示）","（プレミアム会員で表示）"
2026-03-24,payment,食費,食料品,-,-,H)午後の紅茶チャイラ,,ニューデイズ戸塚地下,"（プレミアム会員で表示）",0,183,"（プレミアム会員で表示）","（プレミアム会員で表示）","（プレミアム会員で表示）","（プレミアム会員で表示）"
2026-03-24,payment,食費,昼ご飯,-,-,ナッツサワークリームオ,,ニューデイズ戸塚地下,"（プレミアム会員で表示）",0,127,"（プレミアム会員で表示）","（プレミアム会員で表示）","（プレミアム会員で表示）","（プレミアム会員で表示）"
2026-03-25,payment,食費,カフェ,Suica,-,ロイヤルミルクティーS,,ベックスコーヒー横浜北口店,"（プレミアム会員で表示）",0,500,"（プレミアム会員で表示）","（プレミアム会員で表示）","（プレミアム会員で表示）","（プレミアム会員で表示）"
2026-03-25,payment,食費,カフェ,Suica,-,割引,,ベックスコーヒー横浜北口店,"（プレミアム会員で表示）",0,-390,"（プレミアム会員で表示）","（プレミアム会員で表示）","（プレミアム会員で表示）","（プレミアム会員で表示）"
2026-03-26,payment,交際費,その他,Suica,-,,,-,"（プレミアム会員で表示）",0,100,"（プレミアム会員で表示）","（プレミアム会員で表示）","（プレミアム会員で表示）","（プレミアム会員で表示）"
2026-03-27,payment,食費,カフェ,Suica,-,ロイヤルミルクティーS,,ベックスコーヒー横浜駅南口店,"（プレミアム会員で表示）",0,500,"（プレミアム会員で表示）","（プレミアム会員で表示）","（プレミアム会員で表示）","（プレミアム会員で表示）"
2026-03-27,payment,食費,カフェ,Suica,-,割引,,ベックスコーヒー横浜駅南口店,"（プレミアム会員で表示）",0,-390,"（プレミアム会員で表示）","（プレミアム会員で表示）","（プレミアム会員で表示）","（プレミアム会員で表示）"
2026-03-28,payment,交通,電車,-,-,,,-,"（プレミアム会員で表示）",0,528,"（プレミアム会員で表示）","（プレミアム会員で表示）","（プレミアム会員で表示）","（プレミアム会員で表示）"
2026-03-28,payment,交通,電車,-,-,,,-,"（プレミアム会員で表示）",0,528,"（プレミアム会員で表示）","（プレミアム会員で表示）","（プレミアム会員で表示）","（プレミアム会員で表示）"
2026-03-29,payment,食費,カフェ,Suica,-,抹茶ラテ(HDT)R,,ベックスコーヒー横浜北口店,"（プレミアム会員で表示）",0,590,"（プレミアム会員で表示）","（プレミアム会員で表示）","（プレミアム会員で表示）","（プレミアム会員で表示）"
2026-03-29,payment,食費,カフェ,Suica,-,割引,,ベックスコーヒー横浜北口店,"（プレミアム会員で表示）",0,-390,"（プレミアム会員で表示）","（プレミアム会員で表示）","（プレミアム会員で表示）","（プレミアム会員で表示）"
2026-04-01,payment,食費,食料品,-,-,,,-,"（プレミアム会員で表示）",0,130,"（プレミアム会員で表示）","（プレミアム会員で表示）","（プレミアム会員で表示）","（プレミアム会員で表示）"
2026-04-03,payment,食費,朝ご飯,Suica,-,ロイヤルミルクティ,,ミスタードーナツ茅ケ崎北口ショップ,"（プレミアム会員で表示）",0,363,"（プレミアム会員で表示）","（プレミアム会員で表示）","（プレミアム会員で表示）","（プレミアム会員で表示）"
2026-04-08,payment,食費,晩ご飯,Suica,-,コーンスープ12G*8袋,,-,"（プレミアム会員で表示）",0,213,"（プレミアム会員で表示）","（プレミアム会員で表示）","（プレミアム会員で表示）","（プレミアム会員で表示）"
2026-04-08,payment,食費,晩ご飯,Suica,-,外税,,-,"（プレミアム会員で表示）",0,56,"（プレミアム会員で表示）","（プレミアム会員で表示）","（プレミアム会員で表示）","（プレミアム会員で表示）"
2026-04-08,payment,食費,晩ご飯,Suica,-,不明,,-,"（プレミアム会員で表示）",0,493,"（プレミアム会員で表示）","（プレミアム会員で表示）","（プレミアム会員で表示）","（プレミアム会員で表示）"
2026-04-09,payment,食費,カフェ,-,-,,,-,"（プレミアム会員で表示）",0,110,"（プレミアム会員で表示）","（プレミアム会員で表示）","（プレミアム会員で表示）","（プレミアム会員で表示）"
2026-04-16,payment,食費,朝ご飯,Suica,-,ロイヤルミルクティ,,"ミスタードーナツ 戸塚西口ショップ","（プレミアム会員で表示）",0,363,"（プレミアム会員で表示）","（プレミアム会員で表示）","（プレミアム会員で表示）","（プレミアム会員で表示）"
2026-04-17,payment,食費,朝ご飯,Suica,-,ロイヤルミルクティ,,"ミスタードーナツ 戸塚西口ショップ","（プレミアム会員で表示）",0,363,"（プレミアム会員で表示）","（プレミアム会員で表示）","（プレミアム会員で表示）","（プレミアム会員で表示）"
2026-04-27,payment,食費,カフェ,Suica,-,回数券,,ベックスコーヒー横浜駅南口店,"（プレミアム会員で表示）",0,1750,"（プレミアム会員で表示）","（プレミアム会員で表示）","（プレミアム会員で表示）","（プレミアム会員で表示）"
2026-04-30,payment,食費,朝ご飯,Suica,-,ロイヤルミルクティ,,"ミスタードーナツ 戸塚西口ショップ","（プレミアム会員で表示）",0,363,"（プレミアム会員で表示）","（プレミアム会員で表示）","（プレミアム会員で表示）","（プレミアム会員で表示）"
2026-05-09,payment,交通,電車,Suica,-,,,-,"（プレミアム会員で表示）",0,880,"（プレミアム会員で表示）","（プレミアム会員で表示）","（プレミアム会員で表示）","（プレミアム会員で表示）"
2026-05-20,payment,食費,昼ご飯,Suica,-,良い値!チンジャオ弁,,"キッチンオリジン 藤棚店","（プレミアム会員で表示）",0,499,"（プレミアム会員で表示）","（プレミアム会員で表示）","（プレミアム会員で表示）","（プレミアム会員で表示）"
2026-05-20,payment,食費,昼ご飯,Suica,-,,,"キッチンオリジン 藤棚店","（プレミアム会員で表示）",0,39,"（プレミアム会員で表示）","（プレミアム会員で表示）","（プレミアム会員で表示）","（プレミアム会員で表示）"
2026-05-22,payment,食費,昼ご飯,Suica,-,ロイヤルミルクティーS,,ベックスコーヒー横浜北口店,"（プレミアム会員で表示）",0,520,"（プレミアム会員で表示）","（プレミアム会員で表示）","（プレミアム会員で表示）","（プレミアム会員で表示）"
2026-05-22,payment,食費,昼ご飯,Suica,-,,,ベックスコーヒー横浜北口店,"（プレミアム会員で表示）",0,500,"（プレミアム会員で表示）","（プレミアム会員で表示）","（プレミアム会員で表示）","（プレミアム会員で表示）"
2026-05-22,payment,食費,昼ご飯,Suica,-,割引,,ベックスコーヒー横浜北口店,"（プレミアム会員で表示）",0,-50,"（プレミアム会員で表示）","（プレミアム会員で表示）","（プレミアム会員で表示）","（プレミアム会員で表示）"
2026-05-23,payment,食費,晩ご飯,Suica,-,焼餃子1人前,,"宇都宮みんみん 来らっせ店","（プレミアム会員で表示）",0,390,"（プレミアム会員で表示）","（プレミアム会員で表示）","（プレミアム会員で表示）","（プレミアム会員で表示）"
2026-05-23,payment,食費,晩ご飯,Suica,-,油淋餃子,,-,"（プレミアム会員で表示）",0,580,"（プレミアム会員で表示）","（プレミアム会員で表示）","（プレミアム会員で表示）","（プレミアム会員で表示）"
2026-05-24,payment,交通,電車,-,-,,,-,"（プレミアム会員で表示）",0,912,"（プレミアム会員で表示）","（プレミアム会員で表示）","（プレミアム会員で表示）","（プレミアム会員で表示）"
2026-05-24,payment,交通,電車,-,-,,,-,"（プレミアム会員で表示）",0,2420,"（プレミアム会員で表示）","（プレミアム会員で表示）","（プレミアム会員で表示）","（プレミアム会員で表示）"
2026-05-24,payment,交通,バス,-,-,,,-,"（プレミアム会員で表示）",0,250,"（プレミアム会員で表示）","（プレミアム会員で表示）","（プレミアム会員で表示）","（プレミアム会員で表示）"
2026-05-24,payment,交通,電車,-,-,,,-,"（プレミアム会員で表示）",0,518,"（プレミアム会員で表示）","（プレミアム会員で表示）","（プレミアム会員で表示）","（プレミアム会員で表示）"
2026-05-27,payment,食費,カフェ,Suica,-,ロイヤルミルクティーS,,ベックスコーヒー横浜北口店,"（プレミアム会員で表示）",0,500,"（プレミアム会員で表示）","（プレミアム会員で表示）","（プレミアム会員で表示）","（プレミアム会員で表示）"
2026-05-27,payment,食費,カフェ,Suica,-,割引,,ベックスコーヒー横浜北口店,"（プレミアム会員で表示）",0,-390,"（プレミアム会員で表示）","（プレミアム会員で表示）","（プレミアム会員で表示）","（プレミアム会員で表示）"
2026-05-27,payment,食費,晩ご飯,Suica,-,たらこ軍1,,-,"（プレミアム会員で表示）",0,110,"（プレミアム会員で表示）","（プレミアム会員で表示）","（プレミアム会員で表示）","（プレミアム会員で表示）"
2026-05-27,payment,食費,晩ご飯,Suica,-,歓子,,-,"（プレミアム会員で表示）",0,190,"（プレミアム会員で表示）","（プレミアム会員で表示）","（プレミアム会員で表示）","（プレミアム会員で表示）"
2026-05-27,payment,食費,晩ご飯,Suica,-,生ハム,,-,"（プレミアム会員で表示）",0,170,"（プレミアム会員で表示）","（プレミアム会員で表示）","（プレミアム会員で表示）","（プレミアム会員で表示）"
2026-05-27,payment,食費,晩ご飯,Suica,-,ちょこっとフライト*ポテト,,-,"（プレミアム会員で表示）",0,220,"（プレミアム会員で表示）","（プレミアム会員で表示）","（プレミアム会員で表示）","（プレミアム会員で表示）"
2026-05-27,payment,食費,晩ご飯,Suica,-,蒸しホタテ,,-,"（プレミアム会員で表示）",0,190,"（プレミアム会員で表示）","（プレミアム会員で表示）","（プレミアム会員で表示）","（プレミアム会員で表示）"
2026-05-27,payment,食費,晩ご飯,Suica,-,煮穴子(シャリハーフ),,-,"（プレミアム会員で表示）",0,190,"（プレミアム会員で表示）","（プレミアム会員で表示）","（プレミアム会員で表示）","（プレミアム会員で表示）"
2026-05-27,payment,食費,晩ご飯,Suica,-,かけうどん(平田限定),,-,"（プレミアム会員で表示）",0,90,"（プレミアム会員で表示）","（プレミアム会員で表示）","（プレミアム会員で表示）","（プレミアム会員で表示）"
2026-06-02,payment,食費,カフェ,-,-,,,-,"（プレミアム会員で表示）",0,110,"（プレミアム会員で表示）","（プレミアム会員で表示）","（プレミアム会員で表示）","（プレミアム会員で表示）"
2026-06-03,payment,食費,カフェ,Suica,-,ロイヤルミルクティーS,,ベックスコーヒー横浜駅南口店,"（プレミアム会員で表示）",0,500,"（プレミアム会員で表示）","（プレミアム会員で表示）","（プレミアム会員で表示）","（プレミアム会員で表示）"
2026-06-03,payment,食費,カフェ,Suica,-,割引,,ベックスコーヒー横浜駅南口店,"（プレミアム会員で表示）",0,-390,"（プレミアム会員で表示）","（プレミアム会員で表示）","（プレミアム会員で表示）","（プレミアム会員で表示）"
2026-06-04,payment,食費,カフェ,Suica,-,ロイヤルミルクティーS,,ベックスコーヒー横浜北口店,"（プレミアム会員で表示）",0,500,"（プレミアム会員で表示）","（プレミアム会員で表示）","（プレミアム会員で表示）","（プレミアム会員で表示）"
2026-06-04,payment,食費,カフェ,Suica,-,割引,,ベックスコーヒー横浜北口店,"（プレミアム会員で表示）",0,-390,"（プレミアム会員で表示）","（プレミアム会員で表示）","（プレミアム会員で表示）","（プレミアム会員で表示）"
2026-06-05,payment,食費,朝ご飯,Suica,-,ロイヤルミルクティ,,"ミスタードーナツ 戸塚西口ショップ","（プレミアム会員で表示）",0,363,"（プレミアム会員で表示）","（プレミアム会員で表示）","（プレミアム会員で表示）","（プレミアム会員で表示）"
2026-06-07,payment,教育・教養,その他,-,-,,,-,"（プレミアム会員で表示）",0,1000,"（プレミアム会員で表示）","（プレミアム会員で表示）","（プレミアム会員で表示）","（プレミアム会員で表示）"
2026-06-07,payment,食費,カフェ,Suica,-,ロイヤルミルクティーS,,ベックスコーヒー横浜北口店,"（プレミアム会員で表示）",0,500,"（プレミアム会員で表示）","（プレミアム会員で表示）","（プレミアム会員で表示）","（プレミアム会員で表示）"
2026-06-07,payment,食費,カフェ,Suica,-,割引,,ベックスコーヒー横浜北口店,"（プレミアム会員で表示）",0,-390,"（プレミアム会員で表示）","（プレミアム会員で表示）","（プレミアム会員で表示）","（プレミアム会員で表示）"
2026-06-09,payment,食費,朝ご飯,Suica,-,ロイヤルミルクティ,,"ミスタードーナツ 戸塚西口ショップ","（プレミアム会員で表示）",0,363,"（プレミアム会員で表示）","（プレミアム会員で表示）","（プレミアム会員で表示）","（プレミアム会員で表示）"
2026-06-12,payment,食費,朝ご飯,Suica,-,Pイヤルミルクティ,,"ミスタードーナツ 戸塚西口ショップ","（プレミアム会員で表示）",0,363,"（プレミアム会員で表示）","（プレミアム会員で表示）","（プレミアム会員で表示）","（プレミアム会員で表示）"
2026-06-12,payment,教育・教養,その他,-,-,,,-,"（プレミアム会員で表示）",0,120,"（プレミアム会員で表示）","（プレミアム会員で表示）","（プレミアム会員で表示）","（プレミアム会員で表示）"
2026-06-13,payment,交際費,その他,-,-,ふれあい,,-,"（プレミアム会員で表示）",0,2100,"（プレミアム会員で表示）","（プレミアム会員で表示）","（プレミアム会員で表示）","（プレミアム会員で表示）"
2026-06-17,payment,食費,カフェ,Suica,-,ロイヤルミルクティーS,,ベックスコーヒー横浜北口店,"（プレミアム会員で表示）",0,110,"（プレミアム会員で表示）","（プレミアム会員で表示）","（プレミアム会員で表示）","（プレミアム会員で表示）"
2026-06-18,payment,食費,朝ご飯,Suica,-,ロイヤルミルクティ,,ミスタードーナツ茅ケ崎北口ショップ,"（プレミアム会員で表示）",0,363,"（プレミアム会員で表示）","（プレミアム会員で表示）","（プレミアム会員で表示）","（プレミアム会員で表示）"
2026-06-22,payment,食費,朝ご飯,Suica,-,ロイヤルミルクティ,,"ミスタードーナツ 戸塚西口ショップ","（プレミアム会員で表示）",0,363,"（プレミアム会員で表示）","（プレミアム会員で表示）","（プレミアム会員で表示）","（プレミアム会員で表示）"
2026-06-22,payment,交通,電車,-,-,,,-,"（プレミアム会員で表示）",0,803,"（プレミアム会員で表示）","（プレミアム会員で表示）","（プレミアム会員で表示）","（プレミアム会員で表示）"
2026-06-22,payment,交通,電車,-,-,,,-,"（プレミアム会員で表示）",0,803,"（プレミアム会員で表示）","（プレミアム会員で表示）","（プレミアム会員で表示）","（プレミアム会員で表示）"
2026-06-23,payment,食費,昼ご飯,Suica,-,B.LT,,ベックスコーヒー横浜北口店,"（プレミアム会員で表示）",0,398,"（プレミアム会員で表示）","（プレミアム会員で表示）","（プレミアム会員で表示）","（プレミアム会員で表示）"
2026-06-23,payment,食費,昼ご飯,Suica,-,紅茶,,ベックスコーヒー横浜北口店,"（プレミアム会員で表示）",0,928,"（プレミアム会員で表示）","（プレミアム会員で表示）","（プレミアム会員で表示）","（プレミアム会員で表示）"
2026-06-23,payment,食費,昼ご飯,Suica,-,割引,,ベックスコーヒー横浜北口店,"（プレミアム会員で表示）",0,-58,"（プレミアム会員で表示）","（プレミアム会員で表示）","（プレミアム会員で表示）","（プレミアム会員で表示）"
2026-06-23,payment,食費,昼ご飯,Suica,-,不明,,ベックスコーヒー横浜北口店,"（プレミアム会員で表示）",0,-398,"（プレミアム会員で表示）","（プレミアム会員で表示）","（プレミアム会員で表示）","（プレミアム会員で表示）"
2026-06-29,payment,食費,カフェ,Suica,-,回数券,,ベックスコーヒー横浜駅南口店,"（プレミアム会員で表示）",0,1750,"（プレミアム会員で表示）","（プレミアム会員で表示）","（プレミアム会員で表示）","（プレミアム会員で表示）"
2026-06-29,payment,食費,カフェ,Suica,-,ロイヤルミルクティーS,,ベックスコーヒー横浜駅南口店,"（プレミアム会員で表示）",0,500,"（プレミアム会員で表示）","（プレミアム会員で表示）","（プレミアム会員で表示）","（プレミアム会員で表示）"
2026-06-29,payment,食費,カフェ,Suica,-,割引,,ベックスコーヒー横浜駅南口店,"（プレミアム会員で表示）",0,-390,"（プレミアム会員で表示）","（プレミアム会員で表示）","（プレミアム会員で表示）","（プレミアム会員で表示）"
2026-06-30,payment,食費,カフェ,Suica,-,ロイヤルミルクティーS,,ベックスコーヒー横浜駅南口店,"（プレミアム会員で表示）",0,500,"（プレミアム会員で表示）","（プレミアム会員で表示）","（プレミアム会員で表示）","（プレミアム会員で表示）"
2026-06-30,payment,食費,カフェ,Suica,-,割引,,ベックスコーヒー横浜駅南口店,"（プレミアム会員で表示）",0,-390,"（プレミアム会員で表示）","（プレミアム会員で表示）","（プレミアム会員で表示）","（プレミアム会員で表示）"
2026-07-01,payment,食費,カフェ,Suica,-,ロイヤルミルクティーS,,ベックスコーヒー横浜駅南口店,"（プレミアム会員で表示）",0,500,"（プレミアム会員で表示）","（プレミアム会員で表示）","（プレミアム会員で表示）","（プレミアム会員で表示）"
2026-07-01,payment,食費,カフェ,Suica,-,割引,,ベックスコーヒー横浜駅南口店,"（プレミアム会員で表示）",0,-390,"（プレミアム会員で表示）","（プレミアム会員で表示）","（プレミアム会員で表示）","（プレミアム会員で表示）"
2026-07-02,payment,食費,朝ご飯,Suica,-,ロイヤルミルクティ,,"ミスタードーナツ 戸塚西口ショップ","（プレミアム会員で表示）",0,363,"（プレミアム会員で表示）","（プレミアム会員で表示）","（プレミアム会員で表示）","（プレミアム会員で表示）"
2026-07-03,payment,食費,朝ご飯,Suica,-,ロイヤルミルクティ,,"ミスタードーナツ 戸塚西口ショップ","（プレミアム会員で表示）",0,363,"（プレミアム会員で表示）","（プレミアム会員で表示）","（プレミアム会員で表示）","（プレミアム会員で表示）"
2026-07-04,payment,食費,昼ご飯,Suica,-,B.L.T単品,,ベックスコーヒーアトレ大船店,"（プレミアム会員で表示）",0,530,"（プレミアム会員で表示）","（プレミアム会員で表示）","（プレミアム会員で表示）","（プレミアム会員で表示）"
2026-07-08,payment,食費,朝ご飯,Suica,-,ロイヤルミルクティ,,"ミスタードーナツ 戸塚西口ショップ","（プレミアム会員で表示）",0,363,"（プレミアム会員で表示）","（プレミアム会員で表示）","（プレミアム会員で表示）","（プレミアム会員で表示）"
2026-07-08,payment,食費,カフェ,Suica,-,ロイヤルミルクティーS,,ベックスコーヒー横浜駅南口店,"（プレミアム会員で表示）",0,500,"（プレミアム会員で表示）","（プレミアム会員で表示）","（プレミアム会員で表示）","（プレミアム会員で表示）"
2026-07-08,payment,食費,カフェ,Suica,-,割引,,ベックスコーヒー横浜駅南口店,"（プレミアム会員で表示）",0,-390,"（プレミアム会員で表示）","（プレミアム会員で表示）","（プレミアム会員で表示）","（プレミアム会員で表示）"
2026-07-16,payment,食費,朝ご飯,Suica,-,ロイヤルミルクティ,,"ミスタードーナツ 戸塚西口ショップ","（プレミアム会員で表示）",0,363,"（プレミアム会員で表示）","（プレミアム会員で表示）","（プレミアム会員で表示）","（プレミアム会員で表示）"
2026-07-16,payment,食費,カフェ,Suica,-,ロイヤルミルクティーS,,ベックスコーヒー横浜駅南口店,"（プレミアム会員で表示）",0,500,"（プレミアム会員で表示）","（プレミアム会員で表示）","（プレミアム会員で表示）","（プレミアム会員で表示）"
2026-07-16,payment,食費,カフェ,Suica,-,割引,,ベックスコーヒー横浜駅南口店,"（プレミアム会員で表示）",0,-390,"（プレミアム会員で表示）","（プレミアム会員で表示）","（プレミアム会員で表示）","（プレミアム会員で表示）"
2026-07-21,payment,食費,カフェ,Suica,-,ロイヤルミルクティーS,,ベックスコーヒー横浜駅南口店,"（プレミアム会員で表示）",0,500,"（プレミアム会員で表示）","（プレミアム会員で表示）","（プレミアム会員で表示）","（プレミアム会員で表示）"
2026-07-21,payment,食費,カフェ,Suica,-,割引,,ベックスコーヒー横浜駅南口店,"（プレミアム会員で表示）",0,-390,"（プレミアム会員で表示）","（プレミアム会員で表示）","（プレミアム会員で表示）","（プレミアム会員で表示）"
2026-07-27,payment,食費,朝ご飯,Suica,-,ロイヤルミルクティ,,"ミスタードーナツ 戸塚西口ショップ","（プレミアム会員で表示）",0,363,"（プレミアム会員で表示）","（プレミアム会員で表示）","（プレミアム会員で表示）","（プレミアム会員で表示）"
2026-07-30,payment,税金,その他,Suica,-,不明,,-,"（プレミアム会員で表示）",0,1200,"（プレミアム会員で表示）","（プレミアム会員で表示）","（プレミアム会員で表示）","（プレミアム会員で表示）"
2026-08-02,payment,食費,昼ご飯,Suica,-,,,-,"（プレミアム会員で表示）",0,660,"（プレミアム会員で表示）","（プレミアム会員で表示）","（プレミアム会員で表示）","（プレミアム会員で表示）"
2026-08-02,payment,交通,電車,Suica,-,,,-,"（プレミアム会員で表示）",0,803,"（プレミアム会員で表示）","（プレミアム会員で表示）","（プレミアム会員で表示）","（プレミアム会員で表示）"
2026-08-03,payment,食費,カフェ,Suica,-,回数券,,ベックスコーヒー横浜駅南口店,"（プレミアム会員で表示）",0,1750,"（プレミアム会員で表示）","（プレミアム会員で表示）","（プレミアム会員で表示）","（プレミアム会員で表示）"
2026-08-03,payment,食費,カフェ,Suica,-,ロイヤルミルクティーS,,ベックスコーヒー横浜駅南口店,"（プレミアム会員で表示）",0,500,"（プレミアム会員で表示）","（プレミアム会員で表示）","（プレミアム会員で表示）","（プレミアム会員で表示）"
2026-08-03,payment,食費,カフェ,Suica,-,割引,,ベックスコーヒー横浜駅南口店,"（プレミアム会員で表示）",0,-390,"（プレミアム会員で表示）","（プレミアム会員で表示）","（プレミアム会員で表示）","（プレミアム会員で表示）"
2026-08-10,payment,食費,朝ご飯,Suica,-,ホットティダージリン,,"ミスタードーナツ 戸塚西口ショップ","（プレミアム会員で表示）",0,330,"（プレミアム会員で表示）","（プレミアム会員で表示）","（プレミアム会員で表示）","（プレミアム会員で表示）"
2026-08-13,payment,食費,カフェ,Suica,-,ロイヤルミルクティーS,,ベックスコーヒー横浜北口店,"（プレミアム会員で表示）",0,500,"（プレミアム会員で表示）","（プレミアム会員で表示）","（プレミアム会員で表示）","（プレミアム会員で表示）"
2026-08-13,payment,食費,カフェ,Suica,-,割引,,ベックスコーヒー横浜北口店,"（プレミアム会員で表示）",0,-390,"（プレミアム会員で表示）","（プレミアム会員で表示）","（プレミアム会員で表示）","（プレミアム会員で表示）"
2026-08-21,payment,交際費,飲み会,Suica,-,,,-,"（プレミアム会員で表示）",0,3000,"（プレミアム会員で表示）","（プレミアム会員で表示）","（プレミアム会員で表示）","（プレミアム会員で表示）"
2026-08-25,payment,食費,カフェ,Suica,-,ロイヤルミルクティーS,,ベックスコーヒー横浜北口店,"（プレミアム会員で表示）",0,500,"（プレミアム会員で表示）","（プレミアム会員で表示）","（プレミアム会員で表示）","（プレミアム会員で表示）"
2026-08-25,payment,食費,カフェ,Suica,-,割引,,ベックスコーヒー横浜北口店,"（プレミアム会員で表示）",0,-390,"（プレミアム会員で表示）","（プレミアム会員で表示）","（プレミアム会員で表示）","（プレミアム会員で表示）"
2026-08-30,payment,教育・教養,習い事,Suica,-,,,-,"（プレミアム会員で表示）",0,5000,"（プレミアム会員で表示）","（プレミアム会員で表示）","（プレミアム会員で表示）","（プレミアム会員で表示）"
2026-08-30,payment,医療・保険,その他,Suica,-,,,-,"（プレミアム会員で表示）",0,13000,"（プレミアム会員で表示）","（プレミアム会員で表示）","（プレミアム会員で表示）","（プレミアム会員で表示）"
2026-08-31,payment,教育・教養,習い事,Suica,-,,,-,"（プレミアム会員で表示）",0,120,"（プレミアム会員で表示）","（プレミアム会員で表示）","（プレミアム会員で表示）","（プレミアム会員で表示）"
2026-09-02,payment,食費,昼ご飯,Suica,-,クロックムッシコドリンクセッ,,ベックスコーヒーアトレ大船店,"（プレミアム会員で表示）",0,930,"（プレミアム会員で表示）","（プレミアム会員で表示）","（プレミアム会員で表示）","（プレミアム会員で表示）"
2026-09-02,payment,食費,カフェ,Suica,-,ロイヤルミルクティーS,,ベックスコーヒー小田原店,"（プレミアム会員で表示）",0,500,"（プレミアム会員で表示）","（プレミアム会員で表示）","（プレミアム会員で表示）","（プレミアム会員で表示）"
2026-09-02,payment,食費,カフェ,Suica,-,割引,,ベックスコーヒー小田原店,"（プレミアム会員で表示）",0,-390,"（プレミアム会員で表示）","（プレミアム会員で表示）","（プレミアム会員で表示）","（プレミアム会員で表示）"
2026-09-03,payment,交際費,その他,Suica,-,赤魚吟醸酒粕焼定食,,-,"（プレミアム会員で表示）",0,1518,"（プレミアム会員で表示）","（プレミアム会員で表示）","（プレミアム会員で表示）","（プレミアム会員で表示）"
2026-09-03,payment,交際費,その他,Suica,-,ドリンクセット40(サンド),,"カフェ・ド・クリエSaclass 戸塚店","（プレミアム会員で表示）",0,960,"（プレミアム会員で表示）","（プレミアム会員で表示）","（プレミアム会員で表示）","（プレミアム会員で表示）"
2026-09-03,payment,交際費,その他,Suica,-,ルイボス,,"カフェ・ド・クリエSaclass 戸塚店","（プレミアム会員で表示）",0,420,"（プレミアム会員で表示）","（プレミアム会員で表示）","（プレミアム会員で表示）","（プレミアム会員で表示）"
2026-09-07,payment,食費,カフェ,Suica,-,,,-,"（プレミアム会員で表示）",0,110,"（プレミアム会員で表示）","（プレミアム会員で表示）","（プレミアム会員で表示）","（プレミアム会員で表示）"
2026-09-10,payment,食費,カフェ,Suica,-,ロイヤルミルクティーS,,ベックスコーヒー横浜北口店,"（プレミアム会員で表示）",0,500,"（プレミアム会員で表示）","（プレミアム会員で表示）","（プレミアム会員で表示）","（プレミアム会員で表示）"
2026-09-10,payment,食費,カフェ,Suica,-,割引,,ベックスコーヒー横浜北口店,"（プレミアム会員で表示）",0,-390,"（プレミアム会員で表示）","（プレミアム会員で表示）","（プレミアム会員で表示）","（プレミアム会員で表示）"
2026-09-13,payment,教育・教養,その他,Suica,-,,,-,"（プレミアム会員で表示）",0,360,"（プレミアム会員で表示）","（プレミアム会員で表示）","（プレミアム会員で表示）","（プレミアム会員で表示）"
2026-09-13,payment,教育・教養,その他,Suica,-,,,-,"（プレミアム会員で表示）",0,480,"（プレミアム会員で表示）","（プレミアム会員で表示）","（プレミアム会員で表示）","（プレミアム会員で表示）"
